1.358099999999999932e-02,1.705299999999999871e-02,7.954430000000000112e-01,-2.033833074716312472e-02,3.215257784137732361e-02,-1.732910067942496296e-03,9.992745173691108818e-01,-1.374360000000000026e-01,7.962700000000000333e-02,9.046099999999999974e-02,3.050410000000000066e-01,-1.778299999999999881e-01,-1.243700000000000014e-02,-1.049699999999999939e-01,-4.323300000000000060e-02,-2.105559999999999932e-01,2.764349999999999863e-01,-1.717339999999999978e-01,5.529599999999999793e-02,-1.947099999999999873e-02,0.000000000000000000e+00,0.000000000000000000e+00,-9.538539999999999797e-01,1.054043999999999981e+00,-6.251830000000000442e-01,1.462620000000000031e-01,5.463360000000000438e-01,-2.947060000000000235e-01,1.616460000000000119e-01,-7.985379999999999701e-01,-7.610320000000000418e-01,2.764260000000000050e-01,-5.750500000000000056e-02,-8.461140000000000327e-01,-9.646499999999999519e-02,-1.103299999999999940e-02
1.358099999999999932e-02,1.705299999999999871e-02,7.954430000000000112e-01,-2.033833074716312472e-02,3.215257784137732361e-02,-1.732910067942496296e-03,9.992745173691108818e-01,-1.374360000000000026e-01,7.962700000000000333e-02,9.046099999999999974e-02,3.050410000000000066e-01,-1.778299999999999881e-01,-1.243700000000000014e-02,-1.049699999999999939e-01,-4.323300000000000060e-02,-2.105559999999999932e-01,2.764349999999999863e-01,-1.717339999999999978e-01,5.529599999999999793e-02,-2.528100000000000139e-02,0.000000000000000000e+00,0.000000000000000000e+00,-7.254690000000000305e-01,9.024529999999999497e-01,-5.464769999999999905e-01,6.003000000000000003e-02,4.564380000000000104e-01,-2.903990000000000182e-01,2.205320000000000058e-01,-6.178190000000000071e-01,-6.067970000000000308e-01,2.671580000000000066e-01,-1.231639999999999957e-01,-8.293490000000000029e-01,-1.415440000000000031e-01,-1.165989999999999943e-01
1.358099999999999932e-02,1.705299999999999871e-02,7.954430000000000112e-01,-2.033833074716312472e-02,3.215257784137732361e-02,-1.732910067942496296e-03,9.992745173691108818e-01,-1.374360000000000026e-01,7.962700000000000333e-02,9.046099999999999974e-02,3.050410000000000066e-01,-1.778299999999999881e-01,-1.243700000000000014e-02,-1.049699999999999939e-01,-4.323300000000000060e-02,-2.105559999999999932e-01,2.764349999999999863e-01,-1.717339999999999978e-01,5.529599999999999793e-02,-3.681500000000000050e-02,0.000000000000000000e+00,0.000000000000000000e+00,-5.366360000000000019e-01,7.261990000000000389e-01,-5.082630000000000203e-01,-2.774300000000000030e-02,3.825339999999999852e-01,-3.026170000000000249e-01,2.390319999999999945e-01,-4.634679999999999911e-01,-4.435859999999999803e-01,2.907210000000000072e-01,-1.707150000000000056e-01,-7.916450000000000431e-01,-1.968090000000000117e-01,-2.103770000000000084e-01
1.358099999999999932e-02,1.705299999999999871e-02,7.954430000000000112e-01,-2.033833074716312472e-02,3.215257784137732361e-02,-1.732910067942496296e-03,9.992745173691108818e-01,-1.374360000000000026e-01,7.962700000000000333e-02,9.046099999999999974e-02,3.050410000000000066e-01,-1.778299999999999881e-01,-1.243700000000000014e-02,-1.049699999999999939e-01,-4.323300000000000060e-02,-2.105559999999999932e-01,2.764349999999999863e-01,-1.717339999999999978e-01,5.529599999999999793e-02,-4.783899999999999958e-02,0.000000000000000000e+00,0.000000000000000000e+00,-4.065150000000000152e-01,5.610100000000000087e-01,-5.098399999999999599e-01,-1.066160000000000024e-01,3.424719999999999986e-01,-3.201860000000000261e-01,2.463539999999999897e-01,-3.507410000000000250e-01,-2.962460000000000093e-01,3.444590000000000152e-01,-1.983669999999999878e-01,-7.451740000000000030e-01,-2.595810000000000062e-01,-2.742999999999999883e-01
1.358099999999999932e-02,1.705299999999999871e-02,7.954430000000000112e-01,-2.033833074716312472e-02,3.215257784137732361e-02,-1.732910067942496296e-03,9.992745173691108818e-01,-1.374360000000000026e-01,7.962700000000000333e-02,9.046099999999999974e-02,3.050410000000000066e-01,-1.778299999999999881e-01,-1.243700000000000014e-02,-1.049699999999999939e-01,-4.323300000000000060e-02,-2.105559999999999932e-01,2.764349999999999863e-01,-1.717339999999999978e-01,5.529599999999999793e-02,-4.925000000000000211e-02,0.000000000000000000e+00,0.000000000000000000e+00,-3.366520000000000068e-01,4.005960000000000076e-01,-5.435759999999999481e-01,-1.657619999999999927e-01,2.671890000000000098e-01,-3.128290000000000237e-01,2.763030000000000208e-01,-2.813840000000000230e-01,-1.746520000000000017e-01,3.925919999999999965e-01,-2.218650000000000067e-01,-7.357799999999999896e-01,-3.163830000000000253e-01,-3.711149999999999727e-01
1.358099999999999932e-02,1.705299999999999871e-02,7.954430000000000112e-01,-2.033833074716312472e-02,3.215257784137732361e-02,-1.732910067942496296e-03,9.992745173691108818e-01,-1.374360000000000026e-01,7.962700000000000333e-02,9.046099999999999974e-02,3.050410000000000066e-01,-1.778299999999999881e-01,-1.243700000000000014e-02,-1.049699999999999939e-01,-4.323300000000000060e-02,-2.105559999999999932e-01,2.764349999999999863e-01,-1.717339999999999978e-01,5.529599999999999793e-02,-3.896899999999999670e-02,0.000000000000000000e+00,0.000000000000000000e+00,-2.954689999999999817e-01,2.821020000000000194e-01,-5.741849999999999454e-01,-2.214899999999999924e-01,1.918310000000000015e-01,-3.132199999999999984e-01,3.948999999999999733e-01,-2.335500000000000076e-01,-6.509399999999999908e-02,4.218459999999999988e-01,-2.541140000000000065e-01,-7.078839999999999577e-01,-3.366709999999999980e-01,-5.318589999999999707e-01
1.358099999999999932e-02,1.705299999999999871e-02,7.954430000000000112e-01,-2.033833074716312472e-02,3.215257784137732361e-02,-1.732910067942496296e-03,9.992745173691108818e-01,-1.374360000000000026e-01,7.962700000000000333e-02,9.046099999999999974e-02,3.050410000000000066e-01,-1.778299999999999881e-01,-1.243700000000000014e-02,-1.049699999999999939e-01,-4.323300000000000060e-02,-2.105559999999999932e-01,2.764349999999999863e-01,-1.717339999999999978e-01,5.529599999999999793e-02,-2.486100000000000115e-02,0.000000000000000000e+00,0.000000000000000000e+00,-3.177989999999999982e-01,2.254299999999999915e-01,-5.826559999999999517e-01,-2.648229999999999751e-01,2.056020000000000070e-01,-3.231629999999999781e-01,5.004480000000000040e-01,-2.338880000000000126e-01,-6.680000000000000174e-03,4.319959999999999911e-01,-2.959959999999999813e-01,-7.173939999999999761e-01,-3.472080000000000166e-01,-6.458979999999999722e-01
1.358099999999999932e-02,1.705299999999999871e-02,7.954430000000000112e-01,-2.033833074716312472e-02,3.215257784137732361e-02,-1.732910067942496296e-03,9.992745173691108818e-01,-1.374360000000000026e-01,7.962700000000000333e-02,9.046099999999999974e-02,3.050410000000000066e-01,-1.778299999999999881e-01,-1.243700000000000014e-02,-1.049699999999999939e-01,-4.323300000000000060e-02,-2.105559999999999932e-01,2.764349999999999863e-01,-1.717339999999999978e-01,5.529599999999999793e-02,-1.002300000000000066e-02,0.000000000000000000e+00,0.000000000000000000e+00,-3.779830000000000134e-01,1.985850000000000115e-01,-5.811349999999999572e-01,-2.961550000000000016e-01,2.428349999999999953e-01,-3.571920000000000095e-01,5.595369999999999511e-01,-2.829169999999999741e-01,4.072000000000000099e-03,4.249169999999999892e-01,-3.452479999999999993e-01,-7.587890000000000468e-01,-3.665370000000000017e-01,-6.850810000000000510e-01
1.358099999999999932e-02,1.705299999999999871e-02,7.954430000000000112e-01,-2.033833074716312472e-02,3.215257784137732361e-02,-1.732910067942496296e-03,9.992745173691108818e-01,-1.374360000000000026e-01,7.962700000000000333e-02,9.046099999999999974e-02,3.050410000000000066e-01,-1.778299999999999881e-01,-1.243700000000000014e-02,-1.049699999999999939e-01,-4.323300000000000060e-02,-2.105559999999999932e-01,2.764349999999999863e-01,-1.717339999999999978e-01,5.529599999999999793e-02,-9.049999999999999885e-04,0.000000000000000000e+00,0.000000000000000000e+00,-4.591839999999999811e-01,1.825209999999999888e-01,-5.753920000000000146e-01,-3.167249999999999788e-01,2.518659999999999788e-01,-3.856899999999999773e-01,5.917850000000000055e-01,-3.695680000000000076e-01,-5.150000000000000064e-03,4.124430000000000041e-01,-3.844719999999999804e-01,-7.747610000000000330e-01,-3.987200000000000188e-01,-6.932700000000000529e-01
1.358099999999999932e-02,1.705299999999999871e-02,7.954430000000000112e-01,-2.033833074716312472e-02,3.215257784137732361e-02,-1.732910067942496296e-03,9.992745173691108818e-01,-1.374360000000000026e-01,7.962700000000000333e-02,9.046099999999999974e-02,3.050410000000000066e-01,-1.778299999999999881e-01,-1.243700000000000014e-02,-1.049699999999999939e-01,-4.323300000000000060e-02,-2.105559999999999932e-01,2.764349999999999863e-01,-1.717339999999999978e-01,5.529599999999999793e-02,3.099999999999999891e-03,0.000000000000000000e+00,0.000000000000000000e+00,-5.320350000000000357e-01,1.809429999999999927e-01,-5.680579999999999519e-01,-3.318039999999999878e-01,2.252439999999999998e-01,-4.000900000000000012e-01,6.110590000000000188e-01,-4.685559999999999725e-01,-1.753199999999999897e-02,4.043640000000000012e-01,-4.054459999999999731e-01,-7.549970000000000292e-01,-4.237960000000000060e-01,-6.763970000000000260e-01
1.358099999999999932e-02,1.705299999999999871e-02,7.954430000000000112e-01,-2.033833074716312472e-02,3.215257784137732361e-02,-1.732910067942496296e-03,9.992745173691108818e-01,-1.374360000000000026e-01,7.962700000000000333e-02,9.046099999999999974e-02,3.050410000000000066e-01,-1.778299999999999881e-01,-1.243700000000000014e-02,-1.049699999999999939e-01,-4.323300000000000060e-02,-2.105559999999999932e-01,2.764349999999999863e-01,-1.717339999999999978e-01,5.529599999999999793e-02,7.514999999999999979e-03,0.000000000000000000e+00,0.000000000000000000e+00,-6.085409999999999986e-01,1.881839999999999902e-01,-5.523510000000000364e-01,-3.451179999999999803e-01,2.019430000000000114e-01,-3.988300000000000178e-01,6.016010000000000524e-01,-5.766869999999999497e-01,-3.101100000000000037e-02,3.911810000000000009e-01,-4.064940000000000220e-01,-7.175439999999999596e-01,-4.320709999999999829e-01,-6.477479999999999905e-01
1.358099999999999932e-02,1.705299999999999871e-02,7.954430000000000112e-01,-2.033833074716312472e-02,3.215257784137732361e-02,-1.732910067942496296e-03,9.992745173691108818e-01,-1.374360000000000026e-01,7.962700000000000333e-02,9.046099999999999974e-02,3.050410000000000066e-01,-1.778299999999999881e-01,-1.243700000000000014e-02,-1.049699999999999939e-01,-4.323300000000000060e-02,-2.105559999999999932e-01,2.764349999999999863e-01,-1.717339999999999978e-01,5.529599999999999793e-02,1.097500000000000038e-02,0.000000000000000000e+00,0.000000000000000000e+00,-6.828990000000000338e-01,1.983729999999999938e-01,-5.132109999999999728e-01,-3.537640000000000229e-01,2.194989999999999997e-01,-3.833480000000000221e-01,5.750720000000000276e-01,-6.762359999999999483e-01,-4.379399999999999959e-02,3.764500000000000068e-01,-3.909779999999999922e-01,-6.672860000000000458e-01,-4.297150000000000136e-01,-6.186380000000000212e-01
1.358099999999999932e-02,1.705299999999999871e-02,7.954430000000000112e-01,-2.033833074716312472e-02,3.215257784137732361e-02,-1.732910067942496296e-03,9.992745173691108818e-01,-1.374360000000000026e-01,7.962700000000000333e-02,9.046099999999999974e-02,3.050410000000000066e-01,-1.778299999999999881e-01,-1.243700000000000014e-02,-1.049699999999999939e-01,-4.323300000000000060e-02,-2.105559999999999932e-01,2.764349999999999863e-01,-1.717339999999999978e-01,5.529599999999999793e-02,1.199199999999999919e-02,0.000000000000000000e+00,0.000000000000000000e+00,-7.568690000000000140e-01,2.028339999999999865e-01,-4.702120000000000188e-01,-3.532359999999999944e-01,2.456220000000000070e-01,-3.585820000000000118e-01,5.553270000000000151e-01,-7.637359999999999705e-01,-5.777399999999999897e-02,3.518260000000000276e-01,-3.734460000000000002e-01,-6.298949999999999827e-01,-4.233390000000000208e-01,-6.033600000000000074e-01
1.358099999999999932e-02,1.705299999999999871e-02,7.954430000000000112e-01,-2.033833074716312472e-02,3.215257784137732361e-02,-1.732910067942496296e-03,9.992745173691108818e-01,-1.374360000000000026e-01,7.962700000000000333e-02,9.046099999999999974e-02,3.050410000000000066e-01,-1.778299999999999881e-01,-1.243700000000000014e-02,-1.049699999999999939e-01,-4.323300000000000060e-02,-2.105559999999999932e-01,2.764349999999999863e-01,-1.717339999999999978e-01,5.529599999999999793e-02,1.567500000000000143e-02,0.000000000000000000e+00,0.000000000000000000e+00,-8.095020000000000548e-01,2.050659999999999983e-01,-4.221579999999999777e-01,-3.605169999999999764e-01,2.994809999999999972e-01,-3.416290000000000160e-01,5.686430000000000096e-01,-8.343850000000000433e-01,-5.745399999999999813e-02,3.362789999999999946e-01,-3.557679999999999731e-01,-6.028010000000000312e-01,-4.306550000000000100e-01,-5.978099999999999525e-01
1.358099999999999932e-02,1.705299999999999871e-02,7.954430000000000112e-01,-2.033833074716312472e-02,3.215257784137732361e-02,-1.732910067942496296e-03,9.992745173691108818e-01,-1.374360000000000026e-01,7.962700000000000333e-02,9.046099999999999974e-02,3.050410000000000066e-01,-1.778299999999999881e-01,-1.243700000000000014e-02,-1.049699999999999939e-01,-4.323300000000000060e-02,-2.105559999999999932e-01,2.764349999999999863e-01,-1.717339999999999978e-01,5.529599999999999793e-02,1.442300000000000006e-02,0.000000000000000000e+00,0.000000000000000000e+00,-8.665500000000000425e-01,2.176200000000000079e-01,-3.831169999999999853e-01,-3.805850000000000066e-01,3.587699999999999778e-01,-3.371129999999999960e-01,6.134929999999999550e-01,-9.052519999999999456e-01,-5.441800000000000109e-02,3.353010000000000157e-01,-3.452580000000000093e-01,-5.852230000000000487e-01,-4.424370000000000247e-01,-5.971060000000000256e-01
1.358099999999999932e-02,1.705299999999999871e-02,7.954430000000000112e-01,-2.033833074716312472e-02,3.215257784137732361e-02,-1.732910067942496296e-03,9.992745173691108818e-01,-1.374360000000000026e-01,7.962700000000000333e-02,9.046099999999999974e-02,3.050410000000000066e-01,-1.778299999999999881e-01,-1.243700000000000014e-02,-1.049699999999999939e-01,-4.323300000000000060e-02,-2.105559999999999932e-01,2.764349999999999863e-01,-1.717339999999999978e-01,5.529599999999999793e-02,3.609999999999999928e-03,0.000000000000000000e+00,0.000000000000000000e+00,-9.449739999999999807e-01,2.465600000000000014e-01,-3.843670000000000142e-01,-4.000879999999999992e-01,3.974219999999999975e-01,-3.546940000000000093e-01,6.620850000000000346e-01,-9.675110000000000099e-01,-6.308500000000000218e-02,3.252380000000000271e-01,-3.647320000000000007e-01,-6.391869999999999497e-01,-4.692029999999999812e-01,-6.241999999999999771e-01
1.358099999999999932e-02,1.705299999999999871e-02,7.954430000000000112e-01,-2.033833074716312472e-02,3.215257784137732361e-02,-1.732910067942496296e-03,9.992745173691108818e-01,-1.374360000000000026e-01,7.962700000000000333e-02,9.046099999999999974e-02,3.050410000000000066e-01,-1.778299999999999881e-01,-1.243700000000000014e-02,-1.049699999999999939e-01,-4.323300000000000060e-02,-2.105559999999999932e-01,2.764349999999999863e-01,-1.717339999999999978e-01,5.529599999999999793e-02,-9.022000000000000505e-03,0.000000000000000000e+00,0.000000000000000000e+00,-1.022529999999999939e+00,2.762439999999999896e-01,-3.878980000000000206e-01,-4.240729999999999777e-01,4.504349999999999743e-01,-3.915139999999999731e-01,6.919790000000000108e-01,-1.015827000000000035e+00,-6.687500000000000389e-02,3.165789999999999993e-01,-4.025580000000000269e-01,-7.042249999999999899e-01,-4.792259999999999853e-01,-6.519190000000000262e-01
1.358099999999999932e-02,1.705299999999999871e-02,7.954430000000000112e-01,-2.033833074716312472e-02,3.215257784137732361e-02,-1.732910067942496296e-03,9.992745173691108818e-01,-1.374360000000000026e-01,7.962700000000000333e-02,9.046099999999999974e-02,3.050410000000000066e-01,-1.778299999999999881e-01,-1.243700000000000014e-02,-1.049699999999999939e-01,-4.323300000000000060e-02,-2.105559999999999932e-01,2.764349999999999863e-01,-1.717339999999999978e-01,5.529599999999999793e-02,-3.261300000000000310e-02,0.000000000000000000e+00,0.000000000000000000e+00,-1.092602999999999991e+00,3.000880000000000214e-01,-4.027180000000000204e-01,-4.415999999999999925e-01,4.796489999999999920e-01,-4.121020000000000238e-01,7.202389999999999626e-01,-1.052815999999999974e+00,-7.610899999999999610e-02,3.122489999999999988e-01,-4.487419999999999742e-01,-7.457930000000000392e-01,-4.857489999999999863e-01,-6.700580000000000425e-01
1.358099999999999932e-02,1.705299999999999871e-02,7.954430000000000112e-01,-2.033833074716312472e-02,3.215257784137732361e-02,-1.732910067942496296e-03,9.992745173691108818e-01,-1.374360000000000026e-01,7.962700000000000333e-02,9.046099999999999974e-02,3.050410000000000066e-01,-1.778299999999999881e-01,-1.243700000000000014e-02,-1.049699999999999939e-01,-4.323300000000000060e-02,-2.105559999999999932e-01,2.764349999999999863e-01,-1.717339999999999978e-01,5.529599999999999793e-02,-5.960200000000000220e-02,0.000000000000000000e+00,0.000000000000000000e+00,-1.147651999999999894e+00,3.162780000000000036e-01,-4.108189999999999897e-01,-4.512090000000000267e-01,4.996909999999999963e-01,-4.247659999999999769e-01,7.559090000000000531e-01,-1.085082000000000102e+00,-9.131799999999999640e-02,3.093159999999999799e-01,-4.737270000000000092e-01,-7.604710000000000081e-01,-4.852690000000000059e-01,-6.659610000000000252e-01
1.358099999999999932e-02,1.705299999999999871e-02,7.954430000000000112e-01,-2.033833074716312472e-02,3.215257784137732361e-02,-1.732910067942496296e-03,9.992745173691108818e-01,-1.374360000000000026e-01,7.962700000000000333e-02,9.046099999999999974e-02,3.050410000000000066e-01,-1.778299999999999881e-01,-1.243700000000000014e-02,-1.049699999999999939e-01,-4.323300000000000060e-02,-2.105559999999999932e-01,2.764349999999999863e-01,-1.717339999999999978e-01,5.529599999999999793e-02,-7.408299999999999608e-02,0.000000000000000000e+00,0.000000000000000000e+00,-1.175194999999999990e+00,3.184489999999999821e-01,-4.079030000000000156e-01,-4.539799999999999947e-01,5.185089999999999977e-01,-4.230780000000000096e-01,7.736539999999999528e-01,-1.125931000000000015e+00,-1.014380000000000004e-01,2.978180000000000271e-01,-4.811190000000000189e-01,-7.447730000000000183e-01,-4.832509999999999861e-01,-6.432269999999999932e-01
1.358099999999999932e-02,1.705299999999999871e-02,7.954430000000000112e-01,-2.033833074716312472e-02,3.215257784137732361e-02,-1.732910067942496296e-03,9.992745173691108818e-01,-1.374360000000000026e-01,7.962700000000000333e-02,9.046099999999999974e-02,3.050410000000000066e-01,-1.778299999999999881e-01,-1.243700000000000014e-02,-1.049699999999999939e-01,-4.323300000000000060e-02,-2.105559999999999932e-01,2.764349999999999863e-01,-1.717339999999999978e-01,5.529599999999999793e-02,-6.819799999999999474e-02,0.000000000000000000e+00,0.000000000000000000e+00,-1.203302000000000094e+00,3.345270000000000188e-01,-4.076009999999999911e-01,-4.567899999999999738e-01,5.290059999999999762e-01,-4.166980000000000128e-01,7.847619999999999596e-01,-1.163296000000000108e+00,-1.118669999999999942e-01,2.893379999999999841e-01,-4.777069999999999927e-01,-7.209879999999999622e-01,-4.807190000000000074e-01,-6.233490000000000419e-01
1.358099999999999932e-02,1.705299999999999871e-02,7.954430000000000112e-01,-2.033833074716312472e-02,3.215257784137732361e-02,-1.732910067942496296e-03,9.992745173691108818e-01,-1.374360000000000026e-01,7.962700000000000333e-02,9.046099999999999974e-02,3.050410000000000066e-01,-1.778299999999999881e-01,-1.243700000000000014e-02,-1.049699999999999939e-01,-4.323300000000000060e-02,-2.105559999999999932e-01,2.764349999999999863e-01,-1.717339999999999978e-01,5.529599999999999793e-02,-5.271300000000000291e-02,0.000000000000000000e+00,0.000000000000000000e+00,-1.233929000000000054e+00,3.577139999999999764e-01,-4.108700000000000130e-01,-4.636640000000000206e-01,5.316899999999999959e-01,-4.110320000000000085e-01,7.937859999999999916e-01,-1.199680000000000080e+00,-1.245639999999999942e-01,2.859079999999999955e-01,-4.785479999999999734e-01,-7.073899999999999633e-01,-4.830559999999999854e-01,-6.179069999999999840e-01
1.358099999999999932e-02,1.705299999999999871e-02,7.954430000000000112e-01,-2.033833074716312472e-02,3.215257784137732361e-02,-1.732910067942496296e-03,9.992745173691108818e-01,-1.374360000000000026e-01,7.962700000000000333e-02,9.046099999999999974e-02,3.050410000000000066e-01,-1.778299999999999881e-01,-1.243700000000000014e-02,-1.049699999999999939e-01,-4.323300000000000060e-02,-2.105559999999999932e-01,2.764349999999999863e-01,-1.717339999999999978e-01,5.529599999999999793e-02,-3.336900000000000283e-02,0.000000000000000000e+00,0.000000000000000000e+00,-1.267473000000000072e+00,3.814429999999999765e-01,-4.203520000000000034e-01,-4.652069999999999816e-01,5.269519999999999760e-01,-4.099189999999999778e-01,8.029539999999999456e-01,-1.223116000000000092e+00,-1.348199999999999954e-01,2.758499999999999841e-01,-4.821400000000000130e-01,-7.099870000000000347e-01,-4.819599999999999995e-01,-6.281910000000000549e-01
1.358099999999999932e-02,1.705299999999999871e-02,7.954430000000000112e-01,-2.033833074716312472e-02,3.215257784137732361e-02,-1.732910067942496296e-03,9.992745173691108818e-01,-1.374360000000000026e-01,7.962700000000000333e-02,9.046099999999999974e-02,3.050410000000000066e-01,-1.778299999999999881e-01,-1.243700000000000014e-02,-1.049699999999999939e-01,-4.323300000000000060e-02,-2.105559999999999932e-01,2.764349999999999863e-01,-1.717339999999999978e-01,5.529599999999999793e-02,-1.857699999999999976e-02,0.000000000000000000e+00,0.000000000000000000e+00,-1.290651999999999910e+00,4.000230000000000175e-01,-4.267329999999999735e-01,-4.610799999999999899e-01,5.284119999999999928e-01,-4.059220000000000050e-01,8.153780000000000472e-01,-1.232296999999999976e+00,-1.413629999999999887e-01,2.771069999999999922e-01,-4.784439999999999804e-01,-6.853240000000000443e-01,-4.813500000000000001e-01,-6.271809999999999885e-01
1.358099999999999932e-02,1.705299999999999871e-02,7.954430000000000112e-01,-2.033833074716312472e-02,3.215257784137732361e-02,-1.732910067942496296e-03,9.992745173691108818e-01,-1.374360000000000026e-01,7.962700000000000333e-02,9.046099999999999974e-02,3.050410000000000066e-01,-1.778299999999999881e-01,-1.243700000000000014e-02,-1.049699999999999939e-01,-4.323300000000000060e-02,-2.105559999999999932e-01,2.764349999999999863e-01,-1.717339999999999978e-01,5.529599999999999793e-02,-1.549299999999999983e-02,0.000000000000000000e+00,0.000000000000000000e+00,-1.301136000000000070e+00,4.003360000000000252e-01,-4.263790000000000080e-01,-4.559599999999999764e-01,5.453010000000000357e-01,-4.017169999999999908e-01,8.382579999999999476e-01,-1.236224999999999907e+00,-1.574230000000000074e-01,2.774340000000000139e-01,-4.752179999999999738e-01,-6.674010000000000220e-01,-4.806900000000000062e-01,-6.204269999999999508e-01
1.358099999999999932e-02,1.705299999999999871e-02,7.954430000000000112e-01,-2.033833074716312472e-02,3.215257784137732361e-02,-1.732910067942496296e-03,9.992745173691108818e-01,-1.374360000000000026e-01,7.962700000000000333e-02,9.046099999999999974e-02,3.050410000000000066e-01,-1.778299999999999881e-01,-1.243700000000000014e-02,-1.049699999999999939e-01,-4.323300000000000060e-02,-2.105559999999999932e-01,2.764349999999999863e-01,-1.717339999999999978e-01,5.529599999999999793e-02,-1.937699999999999839e-02,0.000000000000000000e+00,0.000000000000000000e+00,-1.293179999999999996e+00,3.846870000000000012e-01,-4.217250000000000165e-01,-4.518639999999999879e-01,5.704989999999999783e-01,-4.073990000000000111e-01,8.655950000000000033e-01,-1.235714999999999897e+00,-1.788170000000000037e-01,2.791890000000000205e-01,-4.738160000000000149e-01,-6.551500000000000101e-01,-4.816739999999999911e-01,-6.183969999999999745e-01
1.358099999999999932e-02,1.705299999999999871e-02,7.954430000000000112e-01,-2.033833074716312472e-02,3.215257784137732361e-02,-1.732910067942496296e-03,9.992745173691108818e-01,-1.374360000000000026e-01,7.962700000000000333e-02,9.046099999999999974e-02,3.050410000000000066e-01,-1.778299999999999881e-01,-1.243700000000000014e-02,-1.049699999999999939e-01,-4.323300000000000060e-02,-2.105559999999999932e-01,2.764349999999999863e-01,-1.717339999999999978e-01,5.529599999999999793e-02,-2.578300000000000036e-02,0.000000000000000000e+00,0.000000000000000000e+00,-1.273174999999999946e+00,3.667790000000000217e-01,-4.140719999999999956e-01,-4.459139999999999771e-01,5.904409999999999936e-01,-4.090010000000000034e-01,8.860900000000000443e-01,-1.235556000000000099e+00,-1.971849999999999992e-01,2.889479999999999826e-01,-4.654090000000000171e-01,-6.294870000000000188e-01,-4.745559999999999778e-01,-6.125990000000000046e-01
1.358099999999999932e-02,1.705299999999999871e-02,7.954430000000000112e-01,-2.033833074716312472e-02,3.215257784137732361e-02,-1.732910067942496296e-03,9.992745173691108818e-01,-1.374360000000000026e-01,7.962700000000000333e-02,9.046099999999999974e-02,3.050410000000000066e-01,-1.778299999999999881e-01,-1.243700000000000014e-02,-1.049699999999999939e-01,-4.323300000000000060e-02,-2.105559999999999932e-01,2.764349999999999863e-01,-1.717339999999999978e-01,5.529599999999999793e-02,-3.472900000000000292e-02,0.000000000000000000e+00,0.000000000000000000e+00,-1.280778999999999890e+00,3.708569999999999922e-01,-4.043039999999999967e-01,-4.422650000000000192e-01,6.027219999999999800e-01,-4.000070000000000014e-01,9.021820000000000395e-01,-1.260623999999999967e+00,-2.127000000000000002e-01,2.946190000000000198e-01,-4.500660000000000216e-01,-5.969330000000000469e-01,-4.681359999999999966e-01,-6.024300000000000210e-01
1.358099999999999932e-02,1.705299999999999871e-02,7.954430000000000112e-01,-2.033833074716312472e-02,3.215257784137732361e-02,-1.732910067942496296e-03,9.992745173691108818e-01,-1.374360000000000026e-01,7.962700000000000333e-02,9.046099999999999974e-02,3.050410000000000066e-01,-1.778299999999999881e-01,-1.243700000000000014e-02,-1.049699999999999939e-01,-4.323300000000000060e-02,-2.105559999999999932e-01,2.764349999999999863e-01,-1.717339999999999978e-01,5.529599999999999793e-02,-4.313999999999999779e-02,0.000000000000000000e+00,0.000000000000000000e+00,-1.297338000000000102e+00,3.806550000000000211e-01,-3.856899999999999773e-01,-4.388730000000000131e-01,5.981499999999999595e-01,-3.805330000000000101e-01,9.006939999999999946e-01,-1.304297000000000040e+00,-2.186170000000000058e-01,2.988210000000000033e-01,-4.204649999999999777e-01,-5.586969999999999992e-01,-4.641270000000000118e-01,-5.913159999999999528e-01
1.358099999999999932e-02,1.705299999999999871e-02,7.954430000000000112e-01,-2.033833074716312472e-02,3.215257784137732361e-02,-1.732910067942496296e-03,9.992745173691108818e-01,-1.374360000000000026e-01,7.962700000000000333e-02,9.046099999999999974e-02,3.050410000000000066e-01,-1.778299999999999881e-01,-1.243700000000000014e-02,-1.049699999999999939e-01,-4.323300000000000060e-02,-2.105559999999999932e-01,2.764349999999999863e-01,-1.717339999999999978e-01,5.529599999999999793e-02,-5.415799999999999781e-02,0.000000000000000000e+00,0.000000000000000000e+00,-1.318812000000000095e+00,3.862610000000000210e-01,-3.591199999999999948e-01,-4.206750000000000211e-01,5.649859999999999882e-01,-3.473530000000000229e-01,8.948530000000000095e-01,-1.350340000000000096e+00,-2.132070000000000076e-01,2.974769999999999914e-01,-3.713980000000000059e-01,-5.036829999999999918e-01,-4.443550000000000000e-01,-5.666430000000000078e-01
1.358099999999999932e-02,1.705299999999999871e-02,7.954430000000000112e-01,-2.033833074716312472e-02,3.215257784137732361e-02,-1.732910067942496296e-03,9.992745173691108818e-01,-1.374360000000000026e-01,7.962700000000000333e-02,9.046099999999999974e-02,3.050410000000000066e-01,-1.778299999999999881e-01,-1.243700000000000014e-02,-1.049699999999999939e-01,-4.323300000000000060e-02,-2.105559999999999932e-01,2.764349999999999863e-01,-1.717339999999999978e-01,5.529599999999999793e-02,-5.733699999999999908e-02,0.000000000000000000e+00,0.000000000000000000e+00,-1.350017000000000023e+00,3.890879999999999894e-01,-3.368610000000000215e-01,-3.825379999999999892e-01,5.028420000000000112e-01,-2.933919999999999861e-01,8.707749999999999657e-01,-1.400573999999999986e+00,-1.993550000000000044e-01,2.766509999999999803e-01,-3.075089999999999768e-01,-4.440959999999999908e-01,-4.227719999999999811e-01,-5.447109999999999452e-01
1.358099999999999932e-02,1.705299999999999871e-02,7.954430000000000112e-01,-2.033833074716312472e-02,3.215257784137732361e-02,-1.732910067942496296e-03,9.992745173691108818e-01,-1.374360000000000026e-01,7.962700000000000333e-02,9.046099999999999974e-02,3.050410000000000066e-01,-1.778299999999999881e-01,-1.243700000000000014e-02,-1.049699999999999939e-01,-4.323300000000000060e-02,-2.105559999999999932e-01,2.764349999999999863e-01,-1.717339999999999978e-01,5.529599999999999793e-02,-6.037200000000000205e-02,0.000000000000000000e+00,0.000000000000000000e+00,-1.367973000000000106e+00,3.872419999999999751e-01,-3.157820000000000071e-01,-3.292809999999999904e-01,4.182549999999999879e-01,-2.176710000000000034e-01,8.221330000000000027e-01,-1.432312999999999947e+00,-1.719920000000000060e-01,2.500040000000000040e-01,-2.208739999999999870e-01,-3.585920000000000218e-01,-3.831939999999999791e-01,-5.198580000000000423e-01
1.358099999999999932e-02,1.705299999999999871e-02,7.954430000000000112e-01,-2.033833074716312472e-02,3.215257784137732361e-02,-1.732910067942496296e-03,9.992745173691108818e-01,-1.374360000000000026e-01,7.962700000000000333e-02,9.046099999999999974e-02,3.050410000000000066e-01,-1.778299999999999881e-01,-1.243700000000000014e-02,-1.049699999999999939e-01,-4.323300000000000060e-02,-2.105559999999999932e-01,2.764349999999999863e-01,-1.717339999999999978e-01,5.529599999999999793e-02,-4.892699999999999827e-02,0.000000000000000000e+00,0.000000000000000000e+00,-1.367377000000000065e+00,3.663009999999999877e-01,-2.709989999999999899e-01,-2.828289999999999971e-01,3.214290000000000203e-01,-1.317750000000000032e-01,7.879540000000000433e-01,-1.459181999999999979e+00,-1.396699999999999886e-01,2.336590000000000056e-01,-1.283299999999999996e-01,-2.831589999999999940e-01,-3.208159999999999901e-01,-4.690159999999999885e-01
1.358099999999999932e-02,1.705299999999999871e-02,7.954430000000000112e-01,-2.033833074716312472e-02,3.215257784137732361e-02,-1.732910067942496296e-03,9.992745173691108818e-01,-1.374360000000000026e-01,7.962700000000000333e-02,9.046099999999999974e-02,3.050410000000000066e-01,-1.778299999999999881e-01,-1.243700000000000014e-02,-1.049699999999999939e-01,-4.323300000000000060e-02,-2.105559999999999932e-01,2.764349999999999863e-01,-1.717339999999999978e-01,5.529599999999999793e-02,-3.339099999999999707e-02,0.000000000000000000e+00,0.000000000000000000e+00,-1.367348999999999926e+00,3.429639999999999911e-01,-2.373719999999999997e-01,-2.288800000000000001e-01,2.304299999999999959e-01,-3.296299999999999925e-02,7.574729999999999519e-01,-1.479468999999999923e+00,-1.144809999999999994e-01,2.108200000000000074e-01,-4.030199999999999755e-02,-2.245399999999999896e-01,-2.465549999999999964e-01,-4.394379999999999953e-01
1.358099999999999932e-02,1.705299999999999871e-02,7.954430000000000112e-01,-2.033833074716312472e-02,3.215257784137732361e-02,-1.732910067942496296e-03,9.992745173691108818e-01,-1.374360000000000026e-01,7.962700000000000333e-02,9.046099999999999974e-02,3.050410000000000066e-01,-1.778299999999999881e-01,-1.243700000000000014e-02,-1.049699999999999939e-01,-4.323300000000000060e-02,-2.105559999999999932e-01,2.764349999999999863e-01,-1.717339999999999978e-01,5.529599999999999793e-02,-1.920699999999999838e-02,0.000000000000000000e+00,0.000000000000000000e+00,-1.376373000000000069e+00,3.117610000000000103e-01,-2.166879999999999917e-01,-1.591450000000000087e-01,1.423230000000000051e-01,5.871500000000000330e-02,7.536969999999999503e-01,-1.485932000000000031e+00,-9.918899999999999939e-02,1.814250000000000029e-01,3.792800000000000338e-02,-1.734179999999999888e-01,-1.658580000000000054e-01,-4.080599999999999783e-01
1.358099999999999932e-02,1.705299999999999871e-02,7.954430000000000112e-01,-2.033833074716312472e-02,3.215257784137732361e-02,-1.732910067942496296e-03,9.992745173691108818e-01,-1.374360000000000026e-01,7.962700000000000333e-02,9.046099999999999974e-02,3.050410000000000066e-01,-1.778299999999999881e-01,-1.243700000000000014e-02,-1.049699999999999939e-01,-4.323300000000000060e-02,-2.105559999999999932e-01,2.764349999999999863e-01,-1.717339999999999978e-01,5.529599999999999793e-02,-2.204499999999999862e-02,0.000000000000000000e+00,0.000000000000000000e+00,-1.390711000000000030e+00,2.612169999999999770e-01,-1.998040000000000094e-01,-5.922100000000000281e-02,5.702399999999999830e-02,1.350139999999999951e-01,7.650339999999999918e-01,-1.484655000000000058e+00,-9.068800000000000472e-02,1.455400000000000027e-01,1.126500000000000001e-01,-1.534109999999999918e-01,-6.897300000000000653e-02,-3.752809999999999757e-01
1.358099999999999932e-02,1.705299999999999871e-02,7.954430000000000112e-01,-2.033833074716312472e-02,3.215257784137732361e-02,-1.732910067942496296e-03,9.992745173691108818e-01,-1.374360000000000026e-01,7.962700000000000333e-02,9.046099999999999974e-02,3.050410000000000066e-01,-1.778299999999999881e-01,-1.243700000000000014e-02,-1.049699999999999939e-01,-4.323300000000000060e-02,-2.105559999999999932e-01,2.764349999999999863e-01,-1.717339999999999978e-01,5.529599999999999793e-02,-3.173800000000000232e-02,0.000000000000000000e+00,0.000000000000000000e+00,-1.403237000000000068e+00,2.251279999999999948e-01,-1.905270000000000019e-01,5.756399999999999711e-02,6.279999999999999992e-03,2.105640000000000012e-01,7.768439999999999790e-01,-1.470615999999999923e+00,-6.785499999999999865e-02,1.201760000000000050e-01,2.115620000000000001e-01,-1.130940000000000001e-01,-1.779999999999999898e-03,-3.626090000000000146e-01
1.358099999999999932e-02,1.705299999999999871e-02,7.954430000000000112e-01,-2.033833074716312472e-02,3.215257784137732361e-02,-1.732910067942496296e-03,9.992745173691108818e-01,-1.374360000000000026e-01,7.962700000000000333e-02,9.046099999999999974e-02,3.050410000000000066e-01,-1.778299999999999881e-01,-1.243700000000000014e-02,-1.049699999999999939e-01,-4.323300000000000060e-02,-2.105559999999999932e-01,2.764349999999999863e-01,-1.717339999999999978e-01,5.529599999999999793e-02,-3.561899999999999789e-02,0.000000000000000000e+00,0.000000000000000000e+00,-1.412020000000000053e+00,1.843829999999999913e-01,-1.877929999999999877e-01,1.810209999999999875e-01,-2.111999999999999988e-02,2.526329999999999965e-01,7.947199999999999820e-01,-1.451686000000000032e+00,-6.008600000000000052e-02,1.009619999999999962e-01,2.985289999999999888e-01,-7.235400000000000165e-02,5.055199999999999971e-02,-3.526239999999999930e-01
1.358099999999999932e-02,1.705299999999999871e-02,7.954430000000000112e-01,-2.033833074716312472e-02,3.215257784137732361e-02,-1.732910067942496296e-03,9.992745173691108818e-01,-1.374360000000000026e-01,7.962700000000000333e-02,9.046099999999999974e-02,3.050410000000000066e-01,-1.778299999999999881e-01,-1.243700000000000014e-02,-1.049699999999999939e-01,-4.323300000000000060e-02,-2.105559999999999932e-01,2.764349999999999863e-01,-1.717339999999999978e-01,5.529599999999999793e-02,-4.199399999999999661e-02,0.000000000000000000e+00,0.000000000000000000e+00,-1.403035000000000032e+00,1.290560000000000040e-01,-1.847030000000000061e-01,3.105020000000000002e-01,-4.950500000000000039e-02,2.627689999999999748e-01,8.069429999999999659e-01,-1.412498000000000031e+00,-6.840400000000000647e-02,9.539999999999999869e-02,3.691459999999999742e-01,-3.708499999999999991e-02,1.042700000000000016e-01,-3.362629999999999786e-01
1.358099999999999932e-02,1.705299999999999871e-02,7.954430000000000112e-01,-2.033833074716312472e-02,3.215257784137732361e-02,-1.732910067942496296e-03,9.992745173691108818e-01,-1.374360000000000026e-01,7.962700000000000333e-02,9.046099999999999974e-02,3.050410000000000066e-01,-1.778299999999999881e-01,-1.243700000000000014e-02,-1.049699999999999939e-01,-4.323300000000000060e-02,-2.105559999999999932e-01,2.764349999999999863e-01,-1.717339999999999978e-01,5.529599999999999793e-02,-5.343599999999999739e-02,0.000000000000000000e+00,0.000000000000000000e+00,-1.373850000000000016e+00,6.779999999999999916e-02,-1.675879999999999870e-01,4.433819999999999983e-01,-7.215399999999999592e-02,2.747229999999999950e-01,8.239229999999999610e-01,-1.363304999999999989e+00,-6.855700000000000682e-02,9.977300000000000058e-02,4.425399999999999889e-01,-5.360000000000000181e-04,1.525189999999999879e-01,-3.211289999999999978e-01
1.358099999999999932e-02,1.705299999999999871e-02,7.954430000000000112e-01,-2.033833074716312472e-02,3.215257784137732361e-02,-1.732910067942496296e-03,9.992745173691108818e-01,-1.374360000000000026e-01,7.962700000000000333e-02,9.046099999999999974e-02,3.050410000000000066e-01,-1.778299999999999881e-01,-1.243700000000000014e-02,-1.049699999999999939e-01,-4.323300000000000060e-02,-2.105559999999999932e-01,2.764349999999999863e-01,-1.717339999999999978e-01,5.529599999999999793e-02,-6.330199999999999716e-02,0.000000000000000000e+00,0.000000000000000000e+00,-1.324764000000000053e+00,6.395999999999999776e-03,-1.401540000000000008e-01,5.665289999999999493e-01,-8.644499999999999407e-02,2.707800000000000207e-01,8.344409999999999883e-01,-1.293115999999999932e+00,-5.549500000000000266e-02,1.070490000000000053e-01,5.083269999999999733e-01,2.248299999999999951e-02,1.929520000000000124e-01,-3.123319999999999985e-01
1.358099999999999932e-02,1.705299999999999871e-02,7.954430000000000112e-01,-2.033833074716312472e-02,3.215257784137732361e-02,-1.732910067942496296e-03,9.992745173691108818e-01,-1.374360000000000026e-01,7.962700000000000333e-02,9.046099999999999974e-02,3.050410000000000066e-01,-1.778299999999999881e-01,-1.243700000000000014e-02,-1.049699999999999939e-01,-4.323300000000000060e-02,-2.105559999999999932e-01,2.764349999999999863e-01,-1.717339999999999978e-01,5.529599999999999793e-02,-7.136299999999999588e-02,0.000000000000000000e+00,0.000000000000000000e+00,-1.262073000000000000e+00,-5.151200000000000223e-02,-1.056470000000000048e-01,6.776879999999999571e-01,-9.000700000000000367e-02,2.624400000000000066e-01,8.441020000000000190e-01,-1.203322999999999920e+00,-3.179499999999999688e-02,1.133529999999999954e-01,5.573649999999999993e-01,2.585700000000000151e-02,2.185759999999999925e-01,-3.155390000000000139e-01
1.358099999999999932e-02,1.705299999999999871e-02,7.954430000000000112e-01,-2.033833074716312472e-02,3.215257784137732361e-02,-1.732910067942496296e-03,9.992745173691108818e-01,-1.374360000000000026e-01,7.962700000000000333e-02,9.046099999999999974e-02,3.050410000000000066e-01,-1.778299999999999881e-01,-1.243700000000000014e-02,-1.049699999999999939e-01,-4.323300000000000060e-02,-2.105559999999999932e-01,2.764349999999999863e-01,-1.717339999999999978e-01,5.529599999999999793e-02,-7.464200000000000002e-02,0.000000000000000000e+00,0.000000000000000000e+00,-1.185637000000000052e+00,-1.000140000000000057e-01,-7.629500000000000171e-02,7.726009999999999822e-01,-8.144400000000000250e-02,2.525240000000000262e-01,8.461699999999999777e-01,-1.102630999999999917e+00,1.874999999999999931e-03,1.145059999999999967e-01,5.981319999999999970e-01,2.152499999999999900e-02,2.372829999999999939e-01,-3.285839999999999872e-01
1.358099999999999932e-02,1.705299999999999871e-02,7.954430000000000112e-01,-2.033833074716312472e-02,3.215257784137732361e-02,-1.732910067942496296e-03,9.992745173691108818e-01,-1.374360000000000026e-01,7.962700000000000333e-02,9.046099999999999974e-02,3.050410000000000066e-01,-1.778299999999999881e-01,-1.243700000000000014e-02,-1.049699999999999939e-01,-4.323300000000000060e-02,-2.105559999999999932e-01,2.764349999999999863e-01,-1.717339999999999978e-01,5.529599999999999793e-02,-7.448899999999999966e-02,0.000000000000000000e+00,0.000000000000000000e+00,-1.099852999999999970e+00,-1.370309999999999861e-01,-5.263600000000000223e-02,8.518010000000000304e-01,-6.612300000000000122e-02,2.517179999999999973e-01,8.449400000000000244e-01,-1.000893999999999950e+00,4.864000000000000268e-02,1.073660000000000031e-01,6.402200000000000113e-01,3.338700000000000001e-02,2.467370000000000119e-01,-3.217860000000000165e-01
1.358099999999999932e-02,1.705299999999999871e-02,7.954430000000000112e-01,-2.033833074716312472e-02,3.215257784137732361e-02,-1.732910067942496296e-03,9.992745173691108818e-01,-1.374360000000000026e-01,7.962700000000000333e-02,9.046099999999999974e-02,3.050410000000000066e-01,-1.778299999999999881e-01,-1.243700000000000014e-02,-1.049699999999999939e-01,-4.323300000000000060e-02,-2.105559999999999932e-01,2.764349999999999863e-01,-1.717339999999999978e-01,5.529599999999999793e-02,-7.078399999999999970e-02,0.000000000000000000e+00,0.000000000000000000e+00,-1.014177000000000106e+00,-1.654789999999999872e-01,-3.201199999999999879e-02,9.131799999999999917e-01,-4.490899999999999753e-02,2.464780000000000026e-01,8.447390000000000176e-01,-9.089639999999999942e-01,9.311899999999999344e-02,1.054339999999999999e-01,6.878229999999999622e-01,3.440300000000000302e-02,2.461859999999999882e-01,-3.138040000000000274e-01
1.358099999999999932e-02,1.705299999999999871e-02,7.954430000000000112e-01,-2.033833074716312472e-02,3.215257784137732361e-02,-1.732910067942496296e-03,9.992745173691108818e-01,-1.374360000000000026e-01,7.962700000000000333e-02,9.046099999999999974e-02,3.050410000000000066e-01,-1.778299999999999881e-01,-1.243700000000000014e-02,-1.049699999999999939e-01,-4.323300000000000060e-02,-2.105559999999999932e-01,2.764349999999999863e-01,-1.717339999999999978e-01,5.529599999999999793e-02,-6.516600000000000170e-02,0.000000000000000000e+00,0.000000000000000000e+00,-9.290640000000000009e-01,-1.920810000000000017e-01,-6.453000000000000402e-03,9.627909999999999524e-01,-3.116700000000000026e-02,2.448929999999999996e-01,8.346339999999999870e-01,-8.323639999999999928e-01,1.353030000000000066e-01,9.714599999999999624e-02,7.497040000000000370e-01,2.878400000000000056e-02,2.492070000000000118e-01,-3.178690000000000127e-01
1.358099999999999932e-02,1.705299999999999871e-02,7.954430000000000112e-01,-2.033833074716312472e-02,3.215257784137732361e-02,-1.732910067942496296e-03,9.992745173691108818e-01,-1.374360000000000026e-01,7.962700000000000333e-02,9.046099999999999974e-02,3.050410000000000066e-01,-1.778299999999999881e-01,-1.243700000000000014e-02,-1.049699999999999939e-01,-4.323300000000000060e-02,-2.105559999999999932e-01,2.764349999999999863e-01,-1.717339999999999978e-01,5.529599999999999793e-02,-5.879100000000000298e-02,0.000000000000000000e+00,0.000000000000000000e+00,-8.485519999999999730e-01,-2.146319999999999895e-01,2.683999999999999928e-02,9.938909999999999689e-01,-1.976400000000000032e-02,2.342809999999999893e-01,8.329860000000000042e-01,-7.773459999999999814e-01,1.746969999999999912e-01,7.964699999999999558e-02,8.210800000000000320e-01,1.904000000000000137e-02,2.571419999999999817e-01,-3.211379999999999790e-01
1.358099999999999932e-02,1.705299999999999871e-02,7.954430000000000112e-01,-2.033833074716312472e-02,3.215257784137732361e-02,-1.732910067942496296e-03,9.992745173691108818e-01,-1.374360000000000026e-01,7.962700000000000333e-02,9.046099999999999974e-02,3.050410000000000066e-01,-1.778299999999999881e-01,-1.243700000000000014e-02,-1.049699999999999939e-01,-4.323300000000000060e-02,-2.105559999999999932e-01,2.764349999999999863e-01,-1.717339999999999978e-01,5.529599999999999793e-02,-5.172600000000000114e-02,0.000000000000000000e+00,0.000000000000000000e+00,-7.763029999999999653e-01,-2.403500000000000081e-01,6.991899999999999504e-02,1.024331000000000103e+00,-1.892500000000000085e-02,2.405809999999999893e-01,8.270279999999999854e-01,-7.376850000000000351e-01,2.085019999999999929e-01,6.122099999999999764e-02,9.021439999999999459e-01,-5.070999999999999987e-03,2.807790000000000008e-01,-3.335870000000000224e-01
1.358099999999999932e-02,1.705299999999999871e-02,7.954430000000000112e-01,-2.033833074716312472e-02,3.215257784137732361e-02,-1.732910067942496296e-03,9.992745173691108818e-01,-1.374360000000000026e-01,7.962700000000000333e-02,9.046099999999999974e-02,3.050410000000000066e-01,-1.778299999999999881e-01,-1.243700000000000014e-02,-1.049699999999999939e-01,-4.323300000000000060e-02,-2.105559999999999932e-01,2.764349999999999863e-01,-1.717339999999999978e-01,5.529599999999999793e-02,-4.488899999999999835e-02,0.000000000000000000e+00,0.000000000000000000e+00,-7.171769999999999534e-01,-2.656220000000000248e-01,1.247380000000000017e-01,1.038825000000000109e+00,-2.670300000000000104e-02,2.414280000000000037e-01,8.222869999999999902e-01,-7.112640000000000073e-01,2.346610000000000085e-01,4.179299999999999682e-02,9.692199999999999704e-01,-3.932999999999999691e-02,3.120800000000000241e-01,-3.449240000000000084e-01
1.358099999999999932e-02,1.705299999999999871e-02,7.954430000000000112e-01,-2.033833074716312472e-02,3.215257784137732361e-02,-1.732910067942496296e-03,9.992745173691108818e-01,-1.374360000000000026e-01,7.962700000000000333e-02,9.046099999999999974e-02,3.050410000000000066e-01,-1.778299999999999881e-01,-1.243700000000000014e-02,-1.049699999999999939e-01,-4.323300000000000060e-02,-2.105559999999999932e-01,2.764349999999999863e-01,-1.717339999999999978e-01,5.529599999999999793e-02,-3.989700000000000191e-02,0.000000000000000000e+00,0.000000000000000000e+00,-6.728929999999999634e-01,-2.846190000000000109e-01,1.616009999999999946e-01,1.048848999999999920e+00,-2.027899999999999842e-02,2.445029999999999981e-01,8.046999999999999709e-01,-6.897699999999999942e-01,2.541570000000000218e-01,1.493700000000000062e-02,1.012544000000000111e+00,-6.825699999999999823e-02,3.421109999999999984e-01,-3.547910000000000230e-01
1.358099999999999932e-02,1.705299999999999871e-02,7.954430000000000112e-01,-2.033833074716312472e-02,3.215257784137732361e-02,-1.732910067942496296e-03,9.992745173691108818e-01,-1.374360000000000026e-01,7.962700000000000333e-02,9.046099999999999974e-02,3.050410000000000066e-01,-1.778299999999999881e-01,-1.243700000000000014e-02,-1.049699999999999939e-01,-4.323300000000000060e-02,-2.105559999999999932e-01,2.764349999999999863e-01,-1.717339999999999978e-01,5.529599999999999793e-02,-3.651399999999999785e-02,0.000000000000000000e+00,0.000000000000000000e+00,-6.488150000000000306e-01,-2.940720000000000001e-01,1.749960000000000127e-01,1.057523999999999909e+00,7.264999999999999757e-03,2.570060000000000122e-01,7.906710000000000127e-01,-6.683940000000000436e-01,2.708430000000000004e-01,-2.085000000000000048e-02,1.029376999999999986e+00,-8.538400000000000156e-02,3.496940000000000048e-01,-3.602859999999999951e-01
1.358099999999999932e-02,1.705299999999999871e-02,7.954430000000000112e-01,-2.033833074716312472e-02,3.215257784137732361e-02,-1.732910067942496296e-03,9.992745173691108818e-01,-1.374360000000000026e-01,7.962700000000000333e-02,9.046099999999999974e-02,3.050410000000000066e-01,-1.778299999999999881e-01,-1.243700000000000014e-02,-1.049699999999999939e-01,-4.323300000000000060e-02,-2.105559999999999932e-01,2.764349999999999863e-01,-1.717339999999999978e-01,5.529599999999999793e-02,-3.559099999999999764e-02,0.000000000000000000e+00,0.000000000000000000e+00,-6.410360000000000502e-01,-3.011519999999999753e-01,1.843269999999999909e-01,1.063784000000000063e+00,3.969199999999999812e-02,2.747620000000000062e-01,7.796790000000000109e-01,-6.518859999999999655e-01,2.861349999999999727e-01,-5.824599999999999916e-02,1.031933999999999907e+00,-9.872699999999999532e-02,3.439119999999999955e-01,-3.594620000000000037e-01
1.358099999999999932e-02,1.705299999999999871e-02,7.954430000000000112e-01,-2.033833074716312472e-02,3.215257784137732361e-02,-1.732910067942496296e-03,9.992745173691108818e-01,-1.374360000000000026e-01,7.962700000000000333e-02,9.046099999999999974e-02,3.050410000000000066e-01,-1.778299999999999881e-01,-1.243700000000000014e-02,-1.049699999999999939e-01,-4.323300000000000060e-02,-2.105559999999999932e-01,2.764349999999999863e-01,-1.717339999999999978e-01,5.529599999999999793e-02,-3.729999999999999982e-02,0.000000000000000000e+00,0.000000000000000000e+00,-6.410759999999999792e-01,-3.079999999999999960e-01,1.977639999999999953e-01,1.065460999999999991e+00,6.934600000000000486e-02,2.948779999999999735e-01,7.729960000000000164e-01,-6.466560000000000086e-01,2.983199999999999741e-01,-9.518799999999999484e-02,1.034126000000000101e+00,-1.126049999999999968e-01,3.470710000000000184e-01,-3.559930000000000039e-01
1.358099999999999932e-02,1.705299999999999871e-02,7.954430000000000112e-01,-2.033833074716312472e-02,3.215257784137732361e-02,-1.732910067942496296e-03,9.992745173691108818e-01,-1.374360000000000026e-01,7.962700000000000333e-02,9.046099999999999974e-02,3.050410000000000066e-01,-1.778299999999999881e-01,-1.243700000000000014e-02,-1.049699999999999939e-01,-4.323300000000000060e-02,-2.105559999999999932e-01,2.764349999999999863e-01,-1.717339999999999978e-01,5.529599999999999793e-02,-4.088100000000000067e-02,0.000000000000000000e+00,0.000000000000000000e+00,-6.506229999999999514e-01,-3.142170000000000241e-01,2.163319999999999965e-01,1.062580999999999998e+00,9.313499999999999557e-02,3.166649999999999743e-01,7.639690000000000092e-01,-6.511660000000000226e-01,3.066980000000000262e-01,-1.274319999999999897e-01,1.028732999999999898e+00,-1.310369999999999868e-01,3.498939999999999828e-01,-3.504109999999999725e-01
1.358099999999999932e-02,1.705299999999999871e-02,7.954430000000000112e-01,-2.033833074716312472e-02,3.215257784137732361e-02,-1.732910067942496296e-03,9.992745173691108818e-01,-1.374360000000000026e-01,7.962700000000000333e-02,9.046099999999999974e-02,3.050410000000000066e-01,-1.778299999999999881e-01,-1.243700000000000014e-02,-1.049699999999999939e-01,-4.323300000000000060e-02,-2.105559999999999932e-01,2.764349999999999863e-01,-1.717339999999999978e-01,5.529599999999999793e-02,-4.447000000000000258e-02,0.000000000000000000e+00,0.000000000000000000e+00,-6.676999999999999602e-01,-3.192180000000000017e-01,2.336459999999999926e-01,1.056343000000000032e+00,1.180130000000000068e-01,3.285690000000000000e-01,7.580839999999999801e-01,-6.603360000000000340e-01,3.150800000000000267e-01,-1.644970000000000043e-01,1.016739999999999977e+00,-1.449270000000000003e-01,3.598919999999999897e-01,-3.480489999999999973e-01
1.358099999999999932e-02,1.705299999999999871e-02,7.954430000000000112e-01,-2.033833074716312472e-02,3.215257784137732361e-02,-1.732910067942496296e-03,9.992745173691108818e-01,-1.374360000000000026e-01,7.962700000000000333e-02,9.046099999999999974e-02,3.050410000000000066e-01,-1.778299999999999881e-01,-1.243700000000000014e-02,-1.049699999999999939e-01,-4.323300000000000060e-02,-2.105559999999999932e-01,2.764349999999999863e-01,-1.717339999999999978e-01,5.529599999999999793e-02,-4.771600000000000147e-02,0.000000000000000000e+00,0.000000000000000000e+00,-6.873479999999999590e-01,-3.240179999999999727e-01,2.550029999999999797e-01,1.055641000000000052e+00,1.377160000000000051e-01,3.486150000000000082e-01,7.527099999999999902e-01,-6.688870000000000093e-01,3.259509999999999907e-01,-2.024279999999999968e-01,1.001222000000000056e+00,-1.559699999999999975e-01,3.646530000000000049e-01,-3.463999999999999857e-01
1.358099999999999932e-02,1.705299999999999871e-02,7.954430000000000112e-01,-2.033833074716312472e-02,3.215257784137732361e-02,-1.732910067942496296e-03,9.992745173691108818e-01,-1.374360000000000026e-01,7.962700000000000333e-02,9.046099999999999974e-02,3.050410000000000066e-01,-1.778299999999999881e-01,-1.243700000000000014e-02,-1.049699999999999939e-01,-4.323300000000000060e-02,-2.105559999999999932e-01,2.764349999999999863e-01,-1.717339999999999978e-01,5.529599999999999793e-02,-5.013900000000000301e-02,0.000000000000000000e+00,0.000000000000000000e+00,-7.020279999999999854e-01,-3.295910000000000228e-01,2.806500000000000106e-01,1.059204000000000034e+00,1.508819999999999883e-01,3.722579999999999778e-01,7.472959999999999603e-01,-6.766079999999999872e-01,3.368740000000000068e-01,-2.360130000000000006e-01,9.952830000000000288e-01,-1.707009999999999916e-01,3.829219999999999846e-01,-3.491170000000000107e-01
1.358099999999999932e-02,1.705299999999999871e-02,7.954430000000000112e-01,-2.033833074716312472e-02,3.215257784137732361e-02,-1.732910067942496296e-03,9.992745173691108818e-01,-1.374360000000000026e-01,7.962700000000000333e-02,9.046099999999999974e-02,3.050410000000000066e-01,-1.778299999999999881e-01,-1.243700000000000014e-02,-1.049699999999999939e-01,-4.323300000000000060e-02,-2.105559999999999932e-01,2.764349999999999863e-01,-1.717339999999999978e-01,5.529599999999999793e-02,-5.244100000000000150e-02,0.000000000000000000e+00,0.000000000000000000e+00,-7.142800000000000260e-01,-3.347269999999999968e-01,3.080660000000000065e-01,1.068834999999999980e+00,1.606130000000000058e-01,4.082990000000000230e-01,7.454640000000000155e-01,-6.817379999999999551e-01,3.517950000000000244e-01,-2.757970000000000144e-01,9.944950000000000179e-01,-1.736800000000000010e-01,4.081659999999999733e-01,-3.464439999999999742e-01
1.358099999999999932e-02,1.705299999999999871e-02,7.954430000000000112e-01,-2.033833074716312472e-02,3.215257784137732361e-02,-1.732910067942496296e-03,9.992745173691108818e-01,-1.374360000000000026e-01,7.962700000000000333e-02,9.046099999999999974e-02,3.050410000000000066e-01,-1.778299999999999881e-01,-1.243700000000000014e-02,-1.049699999999999939e-01,-4.323300000000000060e-02,-2.105559999999999932e-01,2.764349999999999863e-01,-1.717339999999999978e-01,5.529599999999999793e-02,-5.354099999999999832e-02,0.000000000000000000e+00,0.000000000000000000e+00,-7.286240000000000494e-01,-3.367430000000000145e-01,3.259560000000000235e-01,1.072988999999999971e+00,1.768190000000000039e-01,4.356559999999999877e-01,7.444570000000000354e-01,-6.882289999999999797e-01,3.652050000000000018e-01,-3.121389999999999998e-01,9.901790000000000314e-01,-1.729320000000000024e-01,4.296249999999999791e-01,-3.325389999999999735e-01
1.358099999999999932e-02,1.705299999999999871e-02,7.954430000000000112e-01,-2.033833074716312472e-02,3.215257784137732361e-02,-1.732910067942496296e-03,9.992745173691108818e-01,-1.374360000000000026e-01,7.962700000000000333e-02,9.046099999999999974e-02,3.050410000000000066e-01,-1.778299999999999881e-01,-1.243700000000000014e-02,-1.049699999999999939e-01,-4.323300000000000060e-02,-2.105559999999999932e-01,2.764349999999999863e-01,-1.717339999999999978e-01,5.529599999999999793e-02,-4.910400000000000181e-02,0.000000000000000000e+00,0.000000000000000000e+00,-7.548000000000000265e-01,-3.394590000000000107e-01,3.373570000000000180e-01,1.071336000000000066e+00,1.922280000000000100e-01,4.516760000000000219e-01,7.363600000000000145e-01,-7.120919999999999472e-01,3.687400000000000122e-01,-3.386449999999999738e-01,9.827979999999999494e-01,-1.802300000000000013e-01,4.526990000000000181e-01,-3.208030000000000048e-01
1.358099999999999932e-02,1.705299999999999871e-02,7.954430000000000112e-01,-2.033833074716312472e-02,3.215257784137732361e-02,-1.732910067942496296e-03,9.992745173691108818e-01,-1.374360000000000026e-01,7.962700000000000333e-02,9.046099999999999974e-02,3.050410000000000066e-01,-1.778299999999999881e-01,-1.243700000000000014e-02,-1.049699999999999939e-01,-4.323300000000000060e-02,-2.105559999999999932e-01,2.764349999999999863e-01,-1.717339999999999978e-01,5.529599999999999793e-02,-4.250000000000000305e-02,0.000000000000000000e+00,0.000000000000000000e+00,-8.093949999999999756e-01,-3.433189999999999853e-01,3.585979999999999723e-01,1.057107000000000019e+00,1.966479999999999895e-01,4.621739999999999737e-01,7.252840000000000398e-01,-7.730449999999999822e-01,3.590360000000000218e-01,-3.610209999999999808e-01,9.738580000000000014e-01,-1.936470000000000136e-01,4.789390000000000036e-01,-3.186740000000000128e-01
1.358099999999999932e-02,1.705299999999999871e-02,7.954430000000000112e-01,-2.033833074716312472e-02,3.215257784137732361e-02,-1.732910067942496296e-03,9.992745173691108818e-01,-1.374360000000000026e-01,7.962700000000000333e-02,9.046099999999999974e-02,3.050410000000000066e-01,-1.778299999999999881e-01,-1.243700000000000014e-02,-1.049699999999999939e-01,-4.323300000000000060e-02,-2.105559999999999932e-01,2.764349999999999863e-01,-1.717339999999999978e-01,5.529599999999999793e-02,-3.477199999999999736e-02,0.000000000000000000e+00,0.000000000000000000e+00,-8.980050000000000532e-01,-3.407689999999999886e-01,3.815560000000000063e-01,1.021227000000000107e+00,1.944240000000000135e-01,4.584280000000000022e-01,7.123070000000000235e-01,-8.758120000000000349e-01,3.290500000000000091e-01,-3.740160000000000151e-01,9.556360000000000410e-01,-2.177759999999999974e-01,4.825900000000000190e-01,-3.225250000000000061e-01
1.358099999999999932e-02,1.705299999999999871e-02,7.954430000000000112e-01,-2.033833074716312472e-02,3.215257784137732361e-02,-1.732910067942496296e-03,9.992745173691108818e-01,-1.374360000000000026e-01,7.962700000000000333e-02,9.046099999999999974e-02,3.050410000000000066e-01,-1.778299999999999881e-01,-1.243700000000000014e-02,-1.049699999999999939e-01,-4.323300000000000060e-02,-2.105559999999999932e-01,2.764349999999999863e-01,-1.717339999999999978e-01,5.529599999999999793e-02,-1.567100000000000090e-02,0.000000000000000000e+00,0.000000000000000000e+00,-1.011594000000000104e+00,-3.221019999999999994e-01,4.000199999999999867e-01,9.837879999999999958e-01,1.926289999999999947e-01,4.554480000000000195e-01,6.955029999999999824e-01,-9.964709999999999956e-01,2.845429999999999904e-01,-3.880950000000000233e-01,9.318109999999999449e-01,-2.318060000000000120e-01,4.872810000000000197e-01,-3.141189999999999816e-01
1.358099999999999932e-02,1.705299999999999871e-02,7.954430000000000112e-01,-2.033833074716312472e-02,3.215257784137732361e-02,-1.732910067942496296e-03,9.992745173691108818e-01,-1.374360000000000026e-01,7.962700000000000333e-02,9.046099999999999974e-02,3.050410000000000066e-01,-1.778299999999999881e-01,-1.243700000000000014e-02,-1.049699999999999939e-01,-4.323300000000000060e-02,-2.105559999999999932e-01,2.764349999999999863e-01,-1.717339999999999978e-01,5.529599999999999793e-02,-2.687000000000000152e-03,0.000000000000000000e+00,0.000000000000000000e+00,-1.139426999999999968e+00,-2.878220000000000223e-01,3.964150000000000174e-01,9.587539999999999951e-01,2.025929999999999953e-01,4.585409999999999764e-01,6.703919999999999879e-01,-1.119985999999999926e+00,2.388669999999999960e-01,-4.122469999999999746e-01,8.990599999999999703e-01,-2.278590000000000060e-01,4.842819999999999903e-01,-3.088569999999999927e-01
1.358099999999999932e-02,1.705299999999999871e-02,7.954430000000000112e-01,-2.033833074716312472e-02,3.215257784137732361e-02,-1.732910067942496296e-03,9.992745173691108818e-01,-1.374360000000000026e-01,7.962700000000000333e-02,9.046099999999999974e-02,3.050410000000000066e-01,-1.778299999999999881e-01,-1.243700000000000014e-02,-1.049699999999999939e-01,-4.323300000000000060e-02,-2.105559999999999932e-01,2.764349999999999863e-01,-1.717339999999999978e-01,5.529599999999999793e-02,9.590000000000000000e-04,0.000000000000000000e+00,0.000000000000000000e+00,-1.260891999999999902e+00,-2.493059999999999998e-01,3.873809999999999754e-01,9.466259999999999675e-01,2.145219999999999905e-01,4.648149999999999782e-01,6.450930000000000275e-01,-1.231678999999999968e+00,1.985129999999999950e-01,-4.325729999999999853e-01,8.702149999999999608e-01,-2.203189999999999871e-01,4.808769999999999989e-01,-3.028609999999999913e-01
1.358099999999999932e-02,1.705299999999999871e-02,7.954430000000000112e-01,-2.033833074716312472e-02,3.215257784137732361e-02,-1.732910067942496296e-03,9.992745173691108818e-01,-1.374360000000000026e-01,7.962700000000000333e-02,9.046099999999999974e-02,3.050410000000000066e-01,-1.778299999999999881e-01,-1.243700000000000014e-02,-1.049699999999999939e-01,-4.323300000000000060e-02,-2.105559999999999932e-01,2.764349999999999863e-01,-1.717339999999999978e-01,5.529599999999999793e-02,-5.399999999999999798e-05,0.000000000000000000e+00,0.000000000000000000e+00,-1.360247999999999902e+00,-2.178740000000000121e-01,3.906399999999999872e-01,9.460739999999999705e-01,2.251769999999999883e-01,4.712009999999999810e-01,6.455079999999999707e-01,-1.331048000000000009e+00,1.683830000000000049e-01,-4.442329999999999890e-01,8.682860000000000023e-01,-2.187580000000000080e-01,4.863689999999999958e-01,-2.923760000000000248e-01
1.358099999999999932e-02,1.705299999999999871e-02,7.954430000000000112e-01,-2.033833074716312472e-02,3.215257784137732361e-02,-1.732910067942496296e-03,9.992745173691108818e-01,-1.374360000000000026e-01,7.962700000000000333e-02,9.046099999999999974e-02,3.050410000000000066e-01,-1.778299999999999881e-01,-1.243700000000000014e-02,-1.049699999999999939e-01,-4.323300000000000060e-02,-2.105559999999999932e-01,2.764349999999999863e-01,-1.717339999999999978e-01,5.529599999999999793e-02,-1.968999999999999830e-03,0.000000000000000000e+00,0.000000000000000000e+00,-1.441926000000000041e+00,-1.899180000000000035e-01,3.976169999999999982e-01,9.512680000000000025e-01,2.353979999999999961e-01,4.790820000000000078e-01,6.580420000000000158e-01,-1.411381999999999914e+00,1.486639999999999906e-01,-4.528730000000000255e-01,8.674269999999999481e-01,-2.136079999999999923e-01,4.836329999999999796e-01,-2.803590000000000249e-01
1.358099999999999932e-02,1.705299999999999871e-02,7.954430000000000112e-01,-2.033833074716312472e-02,3.215257784137732361e-02,-1.732910067942496296e-03,9.992745173691108818e-01,-1.374360000000000026e-01,7.962700000000000333e-02,9.046099999999999974e-02,3.050410000000000066e-01,-1.778299999999999881e-01,-1.243700000000000014e-02,-1.049699999999999939e-01,-4.323300000000000060e-02,-2.105559999999999932e-01,2.764349999999999863e-01,-1.717339999999999978e-01,5.529599999999999793e-02,-4.375000000000000416e-03,0.000000000000000000e+00,0.000000000000000000e+00,-1.486345999999999945e+00,-1.654319999999999957e-01,3.915839999999999876e-01,9.482770000000000366e-01,2.461579999999999879e-01,4.810920000000000196e-01,6.632569999999999855e-01,-1.459885000000000099e+00,1.412259999999999904e-01,-4.632850000000000024e-01,8.617810000000000192e-01,-2.016959999999999864e-01,4.752489999999999770e-01,-2.761629999999999918e-01
1.358099999999999932e-02,1.705299999999999871e-02,7.954430000000000112e-01,-2.033833074716312472e-02,3.215257784137732361e-02,-1.732910067942496296e-03,9.992745173691108818e-01,-1.374360000000000026e-01,7.962700000000000333e-02,9.046099999999999974e-02,3.050410000000000066e-01,-1.778299999999999881e-01,-1.243700000000000014e-02,-1.049699999999999939e-01,-4.323300000000000060e-02,-2.105559999999999932e-01,2.764349999999999863e-01,-1.717339999999999978e-01,5.529599999999999793e-02,-5.893999999999999934e-03,0.000000000000000000e+00,0.000000000000000000e+00,-1.489929999999999977e+00,-1.533619999999999983e-01,3.781550000000000189e-01,9.220009999999999595e-01,2.401099999999999901e-01,4.797890000000000210e-01,6.528650000000000286e-01,-1.477627999999999941e+00,1.362089999999999967e-01,-4.551180000000000225e-01,8.544000000000000483e-01,-2.030899999999999928e-01,4.609809999999999741e-01,-2.759519999999999751e-01
1.358099999999999932e-02,1.705299999999999871e-02,7.954430000000000112e-01,-2.033833074716312472e-02,3.215257784137732361e-02,-1.732910067942496296e-03,9.992745173691108818e-01,-1.374360000000000026e-01,7.962700000000000333e-02,9.046099999999999974e-02,3.050410000000000066e-01,-1.778299999999999881e-01,-1.243700000000000014e-02,-1.049699999999999939e-01,-4.323300000000000060e-02,-2.105559999999999932e-01,2.764349999999999863e-01,-1.717339999999999978e-01,5.529599999999999793e-02,-5.278999999999999838e-03,0.000000000000000000e+00,0.000000000000000000e+00,-1.490021999999999958e+00,-1.482670000000000099e-01,3.687559999999999727e-01,9.005419999999999536e-01,2.268969999999999876e-01,4.754039999999999933e-01,6.432560000000000500e-01,-1.481429000000000107e+00,1.305540000000000034e-01,-4.369709999999999983e-01,8.474829999999999863e-01,-2.076119999999999910e-01,4.532990000000000075e-01,-2.709599999999999786e-01
1.358099999999999932e-02,1.705299999999999871e-02,7.954430000000000112e-01,-2.033833074716312472e-02,3.215257784137732361e-02,-1.732910067942496296e-03,9.992745173691108818e-01,-1.374360000000000026e-01,7.962700000000000333e-02,9.046099999999999974e-02,3.050410000000000066e-01,-1.778299999999999881e-01,-1.243700000000000014e-02,-1.049699999999999939e-01,-4.323300000000000060e-02,-2.105559999999999932e-01,2.764349999999999863e-01,-1.717339999999999978e-01,5.529599999999999793e-02,-3.010999999999999788e-03,0.000000000000000000e+00,0.000000000000000000e+00,-1.489117000000000024e+00,-1.508819999999999883e-01,3.653680000000000261e-01,9.001419999999999977e-01,2.174510000000000054e-01,4.667819999999999747e-01,6.450559999999999627e-01,-1.473964999999999970e+00,1.305099999999999871e-01,-4.214280000000000248e-01,8.410480000000000178e-01,-2.104310000000000069e-01,4.530060000000000198e-01,-2.745239999999999903e-01
1.358099999999999932e-02,1.705299999999999871e-02,7.954430000000000112e-01,-2.033833074716312472e-02,3.215257784137732361e-02,-1.732910067942496296e-03,9.992745173691108818e-01,-1.374360000000000026e-01,7.962700000000000333e-02,9.046099999999999974e-02,3.050410000000000066e-01,-1.778299999999999881e-01,-1.243700000000000014e-02,-1.049699999999999939e-01,-4.323300000000000060e-02,-2.105559999999999932e-01,2.764349999999999863e-01,-1.717339999999999978e-01,5.529599999999999793e-02,-1.239000000000000084e-03,0.000000000000000000e+00,0.000000000000000000e+00,-1.477278000000000091e+00,-1.571950000000000014e-01,3.660209999999999853e-01,8.969549999999999468e-01,2.051779999999999993e-01,4.419939999999999980e-01,6.620570000000000066e-01,-1.444758999999999904e+00,1.343050000000000077e-01,-3.868889999999999829e-01,8.165200000000000236e-01,-2.201519999999999866e-01,4.372369999999999868e-01,-2.719150000000000178e-01
1.358099999999999932e-02,1.705299999999999871e-02,7.954430000000000112e-01,-2.033833074716312472e-02,3.215257784137732361e-02,-1.732910067942496296e-03,9.992745173691108818e-01,-1.374360000000000026e-01,7.962700000000000333e-02,9.046099999999999974e-02,3.050410000000000066e-01,-1.778299999999999881e-01,-1.243700000000000014e-02,-1.049699999999999939e-01,-4.323300000000000060e-02,-2.105559999999999932e-01,2.764349999999999863e-01,-1.717339999999999978e-01,5.529599999999999793e-02,-1.247000000000000062e-03,0.000000000000000000e+00,0.000000000000000000e+00,-1.440209000000000072e+00,-1.568720000000000114e-01,3.265279999999999849e-01,8.699930000000000163e-01,1.967869999999999897e-01,3.949819999999999998e-01,6.479979999999999629e-01,-1.379822000000000104e+00,1.394529999999999936e-01,-3.390920000000000045e-01,7.520999999999999908e-01,-2.190809999999999980e-01,3.820359999999999867e-01,-2.634679999999999800e-01
1.358099999999999932e-02,1.705299999999999871e-02,7.954430000000000112e-01,-2.033833074716312472e-02,3.215257784137732361e-02,-1.732910067942496296e-03,9.992745173691108818e-01,-1.374360000000000026e-01,7.962700000000000333e-02,9.046099999999999974e-02,3.050410000000000066e-01,-1.778299999999999881e-01,-1.243700000000000014e-02,-1.049699999999999939e-01,-4.323300000000000060e-02,-2.105559999999999932e-01,2.764349999999999863e-01,-1.717339999999999978e-01,5.529599999999999793e-02,-2.161999999999999859e-03,0.000000000000000000e+00,0.000000000000000000e+00,-1.373660000000000103e+00,-1.461179999999999979e-01,2.456000000000000127e-01,8.170800000000000285e-01,1.916120000000000045e-01,3.300219999999999820e-01,6.188200000000000367e-01,-1.286256000000000066e+00,1.410540000000000127e-01,-2.700069999999999970e-01,6.598209999999999908e-01,-2.052200000000000135e-01,2.881960000000000077e-01,-2.553159999999999874e-01
1.358099999999999932e-02,1.705299999999999871e-02,7.954430000000000112e-01,-2.033833074716312472e-02,3.215257784137732361e-02,-1.732910067942496296e-03,9.992745173691108818e-01,-1.374360000000000026e-01,7.962700000000000333e-02,9.046099999999999974e-02,3.050410000000000066e-01,-1.778299999999999881e-01,-1.243700000000000014e-02,-1.049699999999999939e-01,-4.323300000000000060e-02,-2.105559999999999932e-01,2.764349999999999863e-01,-1.717339999999999978e-01,5.529599999999999793e-02,-2.452000000000000186e-03,0.000000000000000000e+00,0.000000000000000000e+00,-1.289860000000000007e+00,-1.327270000000000116e-01,1.459179999999999922e-01,7.379059999999999508e-01,1.634400000000000019e-01,2.551490000000000147e-01,5.969309999999999894e-01,-1.179897999999999891e+00,1.288289999999999991e-01,-1.807489999999999930e-01,5.583040000000000225e-01,-1.915080000000000116e-01,1.924530000000000129e-01,-2.344320000000000015e-01
1.358099999999999932e-02,1.705299999999999871e-02,7.954430000000000112e-01,-2.033833074716312472e-02,3.215257784137732361e-02,-1.732910067942496296e-03,9.992745173691108818e-01,-1.374360000000000026e-01,7.962700000000000333e-02,9.046099999999999974e-02,3.050410000000000066e-01,-1.778299999999999881e-01,-1.243700000000000014e-02,-1.049699999999999939e-01,-4.323300000000000060e-02,-2.105559999999999932e-01,2.764349999999999863e-01,-1.717339999999999978e-01,5.529599999999999793e-02,4.486999999999999669e-03,0.000000000000000000e+00,0.000000000000000000e+00,-1.197831000000000090e+00,-1.142200000000000021e-01,3.751000000000000167e-02,6.462729999999999864e-01,1.144779999999999964e-01,1.898120000000000085e-01,5.803719999999999990e-01,-1.076646999999999910e+00,1.075720000000000010e-01,-9.595299999999999663e-02,4.544679999999999831e-01,-1.854830000000000090e-01,1.270660000000000123e-01,-2.215270000000000017e-01
1.358099999999999932e-02,1.705299999999999871e-02,7.954430000000000112e-01,-2.033833074716312472e-02,3.215257784137732361e-02,-1.732910067942496296e-03,9.992745173691108818e-01,-1.374360000000000026e-01,7.962700000000000333e-02,9.046099999999999974e-02,3.050410000000000066e-01,-1.778299999999999881e-01,-1.243700000000000014e-02,-1.049699999999999939e-01,-4.323300000000000060e-02,-2.105559999999999932e-01,2.764349999999999863e-01,-1.717339999999999978e-01,5.529599999999999793e-02,2.208900000000000099e-02,0.000000000000000000e+00,0.000000000000000000e+00,-1.094238999999999962e+00,-9.804499999999999327e-02,-5.723600000000000215e-02,5.609699999999999687e-01,4.392000000000000071e-02,1.409489999999999910e-01,5.803909999999999902e-01,-9.623859999999999637e-01,8.771199999999999830e-02,-1.601800000000000099e-02,3.613370000000000193e-01,-1.974559999999999926e-01,7.544499999999999817e-02,-2.283139999999999892e-01
1.358099999999999932e-02,1.705299999999999871e-02,7.954430000000000112e-01,-2.033833074716312472e-02,3.215257784137732361e-02,-1.732910067942496296e-03,9.992745173691108818e-01,-1.374360000000000026e-01,7.962700000000000333e-02,9.046099999999999974e-02,3.050410000000000066e-01,-1.778299999999999881e-01,-1.243700000000000014e-02,-1.049699999999999939e-01,-4.323300000000000060e-02,-2.105559999999999932e-01,2.764349999999999863e-01,-1.717339999999999978e-01,5.529599999999999793e-02,3.727300000000000058e-02,0.000000000000000000e+00,0.000000000000000000e+00,-9.866979999999999640e-01,-8.330899999999999417e-02,-1.525739999999999874e-01,4.995740000000000181e-01,-1.401799999999999921e-02,1.040679999999999938e-01,6.002399999999999958e-01,-8.409889999999999866e-01,7.632700000000000595e-02,5.008300000000000252e-02,2.882419999999999982e-01,-2.182979999999999920e-01,5.069900000000000101e-02,-2.488859999999999961e-01
1.358099999999999932e-02,1.705299999999999871e-02,7.954430000000000112e-01,-2.033833074716312472e-02,3.215257784137732361e-02,-1.732910067942496296e-03,9.992745173691108818e-01,-1.374360000000000026e-01,7.962700000000000333e-02,9.046099999999999974e-02,3.050410000000000066e-01,-1.778299999999999881e-01,-1.243700000000000014e-02,-1.049699999999999939e-01,-4.323300000000000060e-02,-2.105559999999999932e-01,2.764349999999999863e-01,-1.717339999999999978e-01,5.529599999999999793e-02,3.795400000000000162e-02,0.000000000000000000e+00,0.000000000000000000e+00,-8.843339999999999534e-01,-7.469299999999999551e-02,-2.450950000000000073e-01,4.699619999999999909e-01,-6.346200000000000452e-02,9.255399999999999738e-02,6.207470000000000487e-01,-7.193580000000000529e-01,7.420200000000000407e-02,9.890200000000000380e-02,2.393129999999999979e-01,-2.345720000000000027e-01,4.841399999999999870e-02,-2.896949999999999803e-01
1.358099999999999932e-02,1.705299999999999871e-02,7.954430000000000112e-01,-2.033833074716312472e-02,3.215257784137732361e-02,-1.732910067942496296e-03,9.992745173691108818e-01,-1.374360000000000026e-01,7.962700000000000333e-02,9.046099999999999974e-02,3.050410000000000066e-01,-1.778299999999999881e-01,-1.243700000000000014e-02,-1.049699999999999939e-01,-4.323300000000000060e-02,-2.105559999999999932e-01,2.764349999999999863e-01,-1.717339999999999978e-01,5.529599999999999793e-02,2.699800000000000116e-02,0.000000000000000000e+00,0.000000000000000000e+00,-7.883989999999999609e-01,-7.711600000000000399e-02,-3.119049999999999878e-01,4.577109999999999790e-01,-1.324980000000000047e-01,9.971299999999999608e-02,6.273020000000000262e-01,-6.106489999999999974e-01,6.619999999999999496e-02,1.492749999999999910e-01,2.108800000000000119e-01,-2.528420000000000112e-01,5.764999999999999986e-02,-3.253039999999999821e-01
1.358099999999999932e-02,1.705299999999999871e-02,7.954430000000000112e-01,-2.033833074716312472e-02,3.215257784137732361e-02,-1.732910067942496296e-03,9.992745173691108818e-01,-1.374360000000000026e-01,7.962700000000000333e-02,9.046099999999999974e-02,3.050410000000000066e-01,-1.778299999999999881e-01,-1.243700000000000014e-02,-1.049699999999999939e-01,-4.323300000000000060e-02,-2.105559999999999932e-01,2.764349999999999863e-01,-1.717339999999999978e-01,5.529599999999999793e-02,1.115900000000000052e-02,0.000000000000000000e+00,0.000000000000000000e+00,-6.989689999999999515e-01,-7.934700000000000086e-02,-3.598399999999999932e-01,4.495520000000000072e-01,-1.979499999999999871e-01,1.025390000000000051e-01,6.424969999999999848e-01,-5.276530000000000387e-01,5.477100000000000024e-02,2.038909999999999889e-01,2.045109999999999983e-01,-2.724840000000000040e-01,7.765400000000000080e-02,-3.545610000000000150e-01
1.358099999999999932e-02,1.705299999999999871e-02,7.954430000000000112e-01,-2.033833074716312472e-02,3.215257784137732361e-02,-1.732910067942496296e-03,9.992745173691108818e-01,-1.374360000000000026e-01,7.962700000000000333e-02,9.046099999999999974e-02,3.050410000000000066e-01,-1.778299999999999881e-01,-1.243700000000000014e-02,-1.049699999999999939e-01,-4.323300000000000060e-02,-2.105559999999999932e-01,2.764349999999999863e-01,-1.717339999999999978e-01,5.529599999999999793e-02,-1.422000000000000087e-03,0.000000000000000000e+00,0.000000000000000000e+00,-6.172720000000000429e-01,-7.367999999999999550e-02,-3.932720000000000105e-01,4.442809999999999815e-01,-2.371149999999999924e-01,9.714299999999999324e-02,6.884010000000000407e-01,-4.714900000000000202e-01,5.360499999999999987e-02,2.611629999999999785e-01,2.206339999999999968e-01,-2.647459999999999813e-01,9.870500000000000107e-02,-3.835959999999999925e-01
1.358099999999999932e-02,1.705299999999999871e-02,7.954430000000000112e-01,-2.033833074716312472e-02,3.215257784137732361e-02,-1.732910067942496296e-03,9.992745173691108818e-01,-1.374360000000000026e-01,7.962700000000000333e-02,9.046099999999999974e-02,3.050410000000000066e-01,-1.778299999999999881e-01,-1.243700000000000014e-02,-1.049699999999999939e-01,-4.323300000000000060e-02,-2.105559999999999932e-01,2.764349999999999863e-01,-1.717339999999999978e-01,5.529599999999999793e-02,-6.548000000000000001e-03,0.000000000000000000e+00,0.000000000000000000e+00,-5.455790000000000362e-01,-7.109300000000000341e-02,-4.151819999999999955e-01,4.442050000000000165e-01,-2.719010000000000038e-01,1.058719999999999939e-01,7.399959999999999871e-01,-4.331340000000000190e-01,5.263000000000000317e-02,3.181129999999999791e-01,2.609020000000000228e-01,-2.349559999999999982e-01,1.060849999999999987e-01,-4.033539999999999903e-01
1.358099999999999932e-02,1.705299999999999871e-02,7.954430000000000112e-01,-2.033833074716312472e-02,3.215257784137732361e-02,-1.732910067942496296e-03,9.992745173691108818e-01,-1.374360000000000026e-01,7.962700000000000333e-02,9.046099999999999974e-02,3.050410000000000066e-01,-1.778299999999999881e-01,-1.243700000000000014e-02,-1.049699999999999939e-01,-4.323300000000000060e-02,-2.105559999999999932e-01,2.764349999999999863e-01,-1.717339999999999978e-01,5.529599999999999793e-02,-6.020000000000000177e-03,0.000000000000000000e+00,0.000000000000000000e+00,-4.862859999999999960e-01,-6.606299999999999673e-02,-4.290149999999999797e-01,4.439779999999999838e-01,-3.081400000000000250e-01,1.187689999999999996e-01,7.676800000000000290e-01,-4.147199999999999775e-01,5.262599999999999917e-02,3.673969999999999736e-01,3.089830000000000076e-01,-2.087459999999999871e-01,1.149950000000000000e-01,-4.229390000000000094e-01
1.358099999999999932e-02,1.705299999999999871e-02,7.954430000000000112e-01,-2.033833074716312472e-02,3.215257784137732361e-02,-1.732910067942496296e-03,9.992745173691108818e-01,-1.374360000000000026e-01,7.962700000000000333e-02,9.046099999999999974e-02,3.050410000000000066e-01,-1.778299999999999881e-01,-1.243700000000000014e-02,-1.049699999999999939e-01,-4.323300000000000060e-02,-2.105559999999999932e-01,2.764349999999999863e-01,-1.717339999999999978e-01,5.529599999999999793e-02,-7.388999999999999735e-03,0.000000000000000000e+00,0.000000000000000000e+00,-4.419750000000000068e-01,-5.143999999999999961e-02,-4.481539999999999968e-01,4.450160000000000227e-01,-3.229830000000000201e-01,1.429420000000000135e-01,7.738519999999999843e-01,-4.074409999999999976e-01,5.170000000000000290e-02,4.129689999999999750e-01,3.617879999999999985e-01,-2.091590000000000116e-01,1.151439999999999964e-01,-4.638079999999999981e-01
1.358099999999999932e-02,1.705299999999999871e-02,7.954430000000000112e-01,-2.033833074716312472e-02,3.215257784137732361e-02,-1.732910067942496296e-03,9.992745173691108818e-01,-1.374360000000000026e-01,7.962700000000000333e-02,9.046099999999999974e-02,3.050410000000000066e-01,-1.778299999999999881e-01,-1.243700000000000014e-02,-1.049699999999999939e-01,-4.323300000000000060e-02,-2.105559999999999932e-01,2.764349999999999863e-01,-1.717339999999999978e-01,5.529599999999999793e-02,-9.037999999999999159e-03,0.000000000000000000e+00,0.000000000000000000e+00,-4.001959999999999962e-01,-3.297800000000000037e-02,-4.726940000000000031e-01,4.501499999999999946e-01,-3.255460000000000020e-01,1.738840000000000108e-01,7.701820000000000332e-01,-4.016179999999999750e-01,4.084900000000000336e-02,4.694380000000000219e-01,4.187629999999999963e-01,-2.407610000000000028e-01,1.137470000000000009e-01,-5.086960000000000370e-01
1.358099999999999932e-02,1.705299999999999871e-02,7.954430000000000112e-01,-2.033833074716312472e-02,3.215257784137732361e-02,-1.732910067942496296e-03,9.992745173691108818e-01,-1.374360000000000026e-01,7.962700000000000333e-02,9.046099999999999974e-02,3.050410000000000066e-01,-1.778299999999999881e-01,-1.243700000000000014e-02,-1.049699999999999939e-01,-4.323300000000000060e-02,-2.105559999999999932e-01,2.764349999999999863e-01,-1.717339999999999978e-01,5.529599999999999793e-02,-9.839999999999999789e-03,0.000000000000000000e+00,0.000000000000000000e+00,-3.676749999999999741e-01,-2.338000000000000148e-02,-5.028000000000000247e-01,4.681199999999999806e-01,-3.465230000000000254e-01,2.159739999999999993e-01,7.491919999999999691e-01,-3.812980000000000258e-01,3.361999999999999711e-02,5.104880000000000528e-01,4.692459999999999964e-01,-2.524959999999999982e-01,1.198160000000000058e-01,-5.333360000000000323e-01
1.358099999999999932e-02,1.705299999999999871e-02,7.954430000000000112e-01,-2.033833074716312472e-02,3.215257784137732361e-02,-1.732910067942496296e-03,9.992745173691108818e-01,-1.374360000000000026e-01,7.962700000000000333e-02,9.046099999999999974e-02,3.050410000000000066e-01,-1.778299999999999881e-01,-1.243700000000000014e-02,-1.049699999999999939e-01,-4.323300000000000060e-02,-2.105559999999999932e-01,2.764349999999999863e-01,-1.717339999999999978e-01,5.529599999999999793e-02,-1.450899999999999933e-02,0.000000000000000000e+00,0.000000000000000000e+00,-3.428069999999999729e-01,-2.475400000000000170e-02,-5.332130000000000480e-01,4.963339999999999974e-01,-3.926939999999999875e-01,2.470050000000000023e-01,7.015789999999999527e-01,-3.481690000000000063e-01,2.846299999999999872e-02,5.292660000000000142e-01,5.091179999999999595e-01,-2.211140000000000050e-01,1.319950000000000012e-01,-5.234039999999999804e-01
1.358099999999999932e-02,1.705299999999999871e-02,7.954430000000000112e-01,-2.033833074716312472e-02,3.215257784137732361e-02,-1.732910067942496296e-03,9.992745173691108818e-01,-1.374360000000000026e-01,7.962700000000000333e-02,9.046099999999999974e-02,3.050410000000000066e-01,-1.778299999999999881e-01,-1.243700000000000014e-02,-1.049699999999999939e-01,-4.323300000000000060e-02,-2.105559999999999932e-01,2.764349999999999863e-01,-1.717339999999999978e-01,5.529599999999999793e-02,-1.986100000000000018e-02,0.000000000000000000e+00,0.000000000000000000e+00,-3.254049999999999998e-01,-3.212399999999999978e-02,-5.601679999999999993e-01,5.363149999999999862e-01,-4.420789999999999997e-01,2.779550000000000076e-01,6.649850000000000483e-01,-3.124210000000000043e-01,3.245100000000000068e-02,5.262179999999999636e-01,5.437910000000000244e-01,-1.539689999999999948e-01,1.469530000000000003e-01,-5.134199999999999875e-01
1.358099999999999932e-02,1.705299999999999871e-02,7.954430000000000112e-01,-2.033833074716312472e-02,3.215257784137732361e-02,-1.732910067942496296e-03,9.992745173691108818e-01,-1.374360000000000026e-01,7.962700000000000333e-02,9.046099999999999974e-02,3.050410000000000066e-01,-1.778299999999999881e-01,-1.243700000000000014e-02,-1.049699999999999939e-01,-4.323300000000000060e-02,-2.105559999999999932e-01,2.764349999999999863e-01,-1.717339999999999978e-01,5.529599999999999793e-02,-2.395900000000000113e-02,0.000000000000000000e+00,0.000000000000000000e+00,-3.187450000000000006e-01,-4.259999999999999898e-02,-5.844510000000000538e-01,5.835150000000000059e-01,-4.672220000000000262e-01,2.985269999999999868e-01,6.625419999999999643e-01,-2.883319999999999772e-01,3.320100000000000134e-02,5.393510000000000248e-01,5.726630000000000331e-01,-1.136510000000000020e-01,1.800680000000000058e-01,-5.135089999999999932e-01
