1.358099999999999932e-02,1.705299999999999871e-02,7.954430000000000112e-01,-2.033833074716312472e-02,3.215257784137732361e-02,-1.732910067942496296e-03,9.992745173691108818e-01,-1.374360000000000026e-01,7.962700000000000333e-02,9.046099999999999974e-02,3.050410000000000066e-01,-1.778299999999999881e-01,-1.243700000000000014e-02,-1.049699999999999939e-01,-4.323300000000000060e-02,-2.105559999999999932e-01,2.764349999999999863e-01,-1.717339999999999978e-01,5.529599999999999793e-02,-1.048179999999999945e-01,0.000000000000000000e+00,0.000000000000000000e+00,-3.302809999999999913e-01,-1.796659999999999924e-01,-5.111949999999999550e-01,-3.630200000000000093e-01,1.249389999999999945e-01,-3.017020000000000257e-01,-1.264639999999999931e-01,-3.012850000000000250e-01,-4.460899999999999865e-01,1.161060000000000009e-01,-7.305449999999999999e-01,-2.502139999999999920e-01,-1.011429999999999968e-01,-1.532870000000000066e-01
1.358099999999999932e-02,1.705299999999999871e-02,7.954430000000000112e-01,-2.033833074716312472e-02,3.215257784137732361e-02,-1.732910067942496296e-03,9.992745173691108818e-01,-1.374360000000000026e-01,7.962700000000000333e-02,9.046099999999999974e-02,3.050410000000000066e-01,-1.778299999999999881e-01,-1.243700000000000014e-02,-1.049699999999999939e-01,-4.323300000000000060e-02,-2.105559999999999932e-01,2.764349999999999863e-01,-1.717339999999999978e-01,5.529599999999999793e-02,-1.128019999999999995e-01,0.000000000000000000e+00,0.000000000000000000e+00,-3.276890000000000081e-01,-1.677790000000000115e-01,-5.154739999999999878e-01,-3.578169999999999962e-01,1.148919999999999941e-01,-2.962449999999999806e-01,-1.285600000000000076e-01,-3.054549999999999765e-01,-4.537320000000000242e-01,1.014309999999999934e-01,-7.258860000000000312e-01,-2.521550000000000180e-01,-1.069869999999999988e-01,-1.557389999999999886e-01
1.358099999999999932e-02,1.705299999999999871e-02,7.954430000000000112e-01,-2.033833074716312472e-02,3.215257784137732361e-02,-1.732910067942496296e-03,9.992745173691108818e-01,-1.374360000000000026e-01,7.962700000000000333e-02,9.046099999999999974e-02,3.050410000000000066e-01,-1.778299999999999881e-01,-1.243700000000000014e-02,-1.049699999999999939e-01,-4.323300000000000060e-02,-2.105559999999999932e-01,2.764349999999999863e-01,-1.717339999999999978e-01,5.529599999999999793e-02,-1.154870000000000063e-01,0.000000000000000000e+00,0.000000000000000000e+00,-3.198139999999999872e-01,-1.580139999999999878e-01,-5.115830000000000100e-01,-3.572330000000000227e-01,1.112729999999999969e-01,-2.918169999999999931e-01,-1.284409999999999996e-01,-2.916099999999999803e-01,-4.482260000000000133e-01,9.171700000000000685e-02,-7.218550000000000244e-01,-2.497520000000000018e-01,-1.106889999999999957e-01,-1.592500000000000027e-01
1.358099999999999932e-02,1.705299999999999871e-02,7.954430000000000112e-01,-2.033833074716312472e-02,3.215257784137732361e-02,-1.732910067942496296e-03,9.992745173691108818e-01,-1.374360000000000026e-01,7.962700000000000333e-02,9.046099999999999974e-02,3.050410000000000066e-01,-1.778299999999999881e-01,-1.243700000000000014e-02,-1.049699999999999939e-01,-4.323300000000000060e-02,-2.105559999999999932e-01,2.764349999999999863e-01,-1.717339999999999978e-01,5.529599999999999793e-02,-1.129379999999999967e-01,0.000000000000000000e+00,0.000000000000000000e+00,-3.058290000000000175e-01,-1.524520000000000042e-01,-4.984660000000000202e-01,-3.562960000000000016e-01,1.182980000000000004e-01,-2.853800000000000225e-01,-1.218250000000000027e-01,-2.663070000000000159e-01,-4.284970000000000168e-01,9.244600000000000040e-02,-7.139720000000000510e-01,-2.456409999999999982e-01,-1.125830000000000025e-01,-1.632820000000000105e-01
1.358099999999999932e-02,1.705299999999999871e-02,7.954430000000000112e-01,-2.033833074716312472e-02,3.215257784137732361e-02,-1.732910067942496296e-03,9.992745173691108818e-01,-1.374360000000000026e-01,7.962700000000000333e-02,9.046099999999999974e-02,3.050410000000000066e-01,-1.778299999999999881e-01,-1.243700000000000014e-02,-1.049699999999999939e-01,-4.323300000000000060e-02,-2.105559999999999932e-01,2.764349999999999863e-01,-1.717339999999999978e-01,5.529599999999999793e-02,-1.044360000000000011e-01,0.000000000000000000e+00,0.000000000000000000e+00,-2.906039999999999734e-01,-1.528720000000000079e-01,-4.872170000000000112e-01,-3.544100000000000028e-01,1.190009999999999957e-01,-2.778100000000000014e-01,-1.203739999999999949e-01,-2.340299999999999880e-01,-4.016449999999999743e-01,1.001549999999999940e-01,-7.031720000000000192e-01,-2.486009999999999887e-01,-1.144450000000000051e-01,-1.623870000000000036e-01
1.358099999999999932e-02,1.705299999999999871e-02,7.954430000000000112e-01,-2.033833074716312472e-02,3.215257784137732361e-02,-1.732910067942496296e-03,9.992745173691108818e-01,-1.374360000000000026e-01,7.962700000000000333e-02,9.046099999999999974e-02,3.050410000000000066e-01,-1.778299999999999881e-01,-1.243700000000000014e-02,-1.049699999999999939e-01,-4.323300000000000060e-02,-2.105559999999999932e-01,2.764349999999999863e-01,-1.717339999999999978e-01,5.529599999999999793e-02,-9.166799999999999948e-02,0.000000000000000000e+00,0.000000000000000000e+00,-2.744320000000000093e-01,-1.548519999999999897e-01,-4.778180000000000205e-01,-3.533769999999999967e-01,1.088230000000000031e-01,-2.721919999999999895e-01,-1.216040000000000038e-01,-2.014140000000000097e-01,-3.675619999999999998e-01,1.214329999999999993e-01,-6.937710000000000266e-01,-2.430859999999999965e-01,-1.142309999999999992e-01,-1.618140000000000134e-01
1.358099999999999932e-02,1.705299999999999871e-02,7.954430000000000112e-01,-2.033833074716312472e-02,3.215257784137732361e-02,-1.732910067942496296e-03,9.992745173691108818e-01,-1.374360000000000026e-01,7.962700000000000333e-02,9.046099999999999974e-02,3.050410000000000066e-01,-1.778299999999999881e-01,-1.243700000000000014e-02,-1.049699999999999939e-01,-4.323300000000000060e-02,-2.105559999999999932e-01,2.764349999999999863e-01,-1.717339999999999978e-01,5.529599999999999793e-02,-7.725700000000000622e-02,0.000000000000000000e+00,0.000000000000000000e+00,-2.705239999999999867e-01,-1.482809999999999961e-01,-4.643760000000000110e-01,-3.462899999999999867e-01,1.001210000000000017e-01,-2.681609999999999827e-01,-1.155029999999999946e-01,-1.712490000000000123e-01,-3.358550000000000146e-01,1.580670000000000130e-01,-7.059919999999999529e-01,-2.366199999999999970e-01,-1.037710000000000021e-01,-1.623360000000000081e-01
1.358099999999999932e-02,1.705299999999999871e-02,7.954430000000000112e-01,-2.033833074716312472e-02,3.215257784137732361e-02,-1.732910067942496296e-03,9.992745173691108818e-01,-1.374360000000000026e-01,7.962700000000000333e-02,9.046099999999999974e-02,3.050410000000000066e-01,-1.778299999999999881e-01,-1.243700000000000014e-02,-1.049699999999999939e-01,-4.323300000000000060e-02,-2.105559999999999932e-01,2.764349999999999863e-01,-1.717339999999999978e-01,5.529599999999999793e-02,-6.209100000000000036e-02,0.000000000000000000e+00,0.000000000000000000e+00,-2.611280000000000268e-01,-1.407259999999999900e-01,-4.546470000000000233e-01,-3.514630000000000254e-01,9.937100000000000100e-02,-2.674230000000000218e-01,-1.164929999999999993e-01,-1.557810000000000028e-01,-3.119270000000000098e-01,1.989430000000000087e-01,-7.088400000000000256e-01,-2.351830000000000032e-01,-1.018030000000000046e-01,-1.578370000000000051e-01
1.358099999999999932e-02,1.705299999999999871e-02,7.954430000000000112e-01,-2.033833074716312472e-02,3.215257784137732361e-02,-1.732910067942496296e-03,9.992745173691108818e-01,-1.374360000000000026e-01,7.962700000000000333e-02,9.046099999999999974e-02,3.050410000000000066e-01,-1.778299999999999881e-01,-1.243700000000000014e-02,-1.049699999999999939e-01,-4.323300000000000060e-02,-2.105559999999999932e-01,2.764349999999999863e-01,-1.717339999999999978e-01,5.529599999999999793e-02,-4.670500000000000346e-02,0.000000000000000000e+00,0.000000000000000000e+00,-2.543380000000000085e-01,-1.356870000000000021e-01,-4.469589999999999952e-01,-3.595260000000000122e-01,9.755199999999999982e-02,-2.664540000000000242e-01,-1.253049999999999997e-01,-1.510410000000000086e-01,-2.944620000000000015e-01,2.380589999999999928e-01,-7.089320000000000066e-01,-2.385619999999999963e-01,-1.078589999999999965e-01,-1.549010000000000109e-01
1.358099999999999932e-02,1.705299999999999871e-02,7.954430000000000112e-01,-2.033833074716312472e-02,3.215257784137732361e-02,-1.732910067942496296e-03,9.992745173691108818e-01,-1.374360000000000026e-01,7.962700000000000333e-02,9.046099999999999974e-02,3.050410000000000066e-01,-1.778299999999999881e-01,-1.243700000000000014e-02,-1.049699999999999939e-01,-4.323300000000000060e-02,-2.105559999999999932e-01,2.764349999999999863e-01,-1.717339999999999978e-01,5.529599999999999793e-02,-3.301099999999999868e-02,0.000000000000000000e+00,0.000000000000000000e+00,-2.502759999999999985e-01,-1.284919999999999951e-01,-4.434719999999999773e-01,-3.716510000000000091e-01,8.976000000000000645e-02,-2.627800000000000136e-01,-1.343959999999999877e-01,-1.526859999999999884e-01,-2.831969999999999765e-01,2.703229999999999800e-01,-7.068940000000000223e-01,-2.339630000000000043e-01,-1.160680000000000045e-01,-1.558950000000000058e-01
1.358099999999999932e-02,1.705299999999999871e-02,7.954430000000000112e-01,-2.033833074716312472e-02,3.215257784137732361e-02,-1.732910067942496296e-03,9.992745173691108818e-01,-1.374360000000000026e-01,7.962700000000000333e-02,9.046099999999999974e-02,3.050410000000000066e-01,-1.778299999999999881e-01,-1.243700000000000014e-02,-1.049699999999999939e-01,-4.323300000000000060e-02,-2.105559999999999932e-01,2.764349999999999863e-01,-1.717339999999999978e-01,5.529599999999999793e-02,-2.086599999999999913e-02,0.000000000000000000e+00,0.000000000000000000e+00,-2.588360000000000105e-01,-1.166299999999999976e-01,-4.424319999999999919e-01,-3.827229999999999799e-01,7.566299999999999415e-02,-2.544690000000000007e-01,-1.451800000000000035e-01,-1.542979999999999907e-01,-2.783370000000000011e-01,2.905440000000000245e-01,-7.071669999999999900e-01,-2.320589999999999875e-01,-1.232179999999999942e-01,-1.596470000000000111e-01
1.358099999999999932e-02,1.705299999999999871e-02,7.954430000000000112e-01,-2.033833074716312472e-02,3.215257784137732361e-02,-1.732910067942496296e-03,9.992745173691108818e-01,-1.374360000000000026e-01,7.962700000000000333e-02,9.046099999999999974e-02,3.050410000000000066e-01,-1.778299999999999881e-01,-1.243700000000000014e-02,-1.049699999999999939e-01,-4.323300000000000060e-02,-2.105559999999999932e-01,2.764349999999999863e-01,-1.717339999999999978e-01,5.529599999999999793e-02,-1.130800000000000034e-02,0.000000000000000000e+00,0.000000000000000000e+00,-2.732959999999999834e-01,-9.735000000000000597e-02,-4.371220000000000105e-01,-3.893519999999999759e-01,7.226899999999999991e-02,-2.432630000000000070e-01,-1.534899999999999876e-01,-1.564919999999999922e-01,-2.748789999999999845e-01,3.022889999999999744e-01,-7.072380000000000333e-01,-2.327049999999999952e-01,-1.174049999999999955e-01,-1.702670000000000017e-01
1.358099999999999932e-02,1.705299999999999871e-02,7.954430000000000112e-01,-2.033833074716312472e-02,3.215257784137732361e-02,-1.732910067942496296e-03,9.992745173691108818e-01,-1.374360000000000026e-01,7.962700000000000333e-02,9.046099999999999974e-02,3.050410000000000066e-01,-1.778299999999999881e-01,-1.243700000000000014e-02,-1.049699999999999939e-01,-4.323300000000000060e-02,-2.105559999999999932e-01,2.764349999999999863e-01,-1.717339999999999978e-01,5.529599999999999793e-02,-6.254000000000000010e-03,0.000000000000000000e+00,0.000000000000000000e+00,-2.890289999999999804e-01,-7.338699999999999390e-02,-4.266220000000000012e-01,-3.997229999999999950e-01,8.568000000000000616e-02,-2.343419999999999948e-01,-1.584480000000000055e-01,-1.413270000000000082e-01,-2.745029999999999970e-01,3.090899999999999759e-01,-7.074099999999999833e-01,-2.216889999999999972e-01,-1.140469999999999956e-01,-1.857320000000000082e-01
1.358099999999999932e-02,1.705299999999999871e-02,7.954430000000000112e-01,-2.033833074716312472e-02,3.215257784137732361e-02,-1.732910067942496296e-03,9.992745173691108818e-01,-1.374360000000000026e-01,7.962700000000000333e-02,9.046099999999999974e-02,3.050410000000000066e-01,-1.778299999999999881e-01,-1.243700000000000014e-02,-1.049699999999999939e-01,-4.323300000000000060e-02,-2.105559999999999932e-01,2.764349999999999863e-01,-1.717339999999999978e-01,5.529599999999999793e-02,-7.013000000000000136e-03,0.000000000000000000e+00,0.000000000000000000e+00,-3.120359999999999800e-01,-4.725800000000000139e-02,-4.103060000000000040e-01,-4.069309999999999872e-01,1.010989999999999944e-01,-2.231450000000000100e-01,-1.708699999999999941e-01,-1.094790000000000069e-01,-2.692760000000000153e-01,3.045789999999999886e-01,-7.114059999999999828e-01,-2.206849999999999923e-01,-1.136739999999999973e-01,-1.931370000000000031e-01
1.358099999999999932e-02,1.705299999999999871e-02,7.954430000000000112e-01,-2.033833074716312472e-02,3.215257784137732361e-02,-1.732910067942496296e-03,9.992745173691108818e-01,-1.374360000000000026e-01,7.962700000000000333e-02,9.046099999999999974e-02,3.050410000000000066e-01,-1.778299999999999881e-01,-1.243700000000000014e-02,-1.049699999999999939e-01,-4.323300000000000060e-02,-2.105559999999999932e-01,2.764349999999999863e-01,-1.717339999999999978e-01,5.529599999999999793e-02,-1.291499999999999940e-02,0.000000000000000000e+00,0.000000000000000000e+00,-3.311009999999999787e-01,-1.210299999999999918e-02,-3.933920000000000194e-01,-4.155209999999999737e-01,1.164589999999999931e-01,-2.106560000000000099e-01,-1.861869999999999914e-01,-7.983700000000000518e-02,-2.717780000000000196e-01,2.977259999999999907e-01,-7.133500000000000396e-01,-2.258489999999999942e-01,-1.136410000000000059e-01,-2.080430000000000057e-01
1.358099999999999932e-02,1.705299999999999871e-02,7.954430000000000112e-01,-2.033833074716312472e-02,3.215257784137732361e-02,-1.732910067942496296e-03,9.992745173691108818e-01,-1.374360000000000026e-01,7.962700000000000333e-02,9.046099999999999974e-02,3.050410000000000066e-01,-1.778299999999999881e-01,-1.243700000000000014e-02,-1.049699999999999939e-01,-4.323300000000000060e-02,-2.105559999999999932e-01,2.764349999999999863e-01,-1.717339999999999978e-01,5.529599999999999793e-02,-2.025899999999999923e-02,0.000000000000000000e+00,0.000000000000000000e+00,-3.470770000000000244e-01,3.102500000000000049e-02,-3.623170000000000002e-01,-4.281929999999999903e-01,1.491389999999999938e-01,-1.996840000000000004e-01,-1.939549999999999885e-01,-5.829299999999999760e-02,-2.816870000000000207e-01,2.981630000000000114e-01,-7.097059999999999480e-01,-2.291439999999999866e-01,-1.115789999999999976e-01,-2.179490000000000038e-01
1.358099999999999932e-02,1.705299999999999871e-02,7.954430000000000112e-01,-2.033833074716312472e-02,3.215257784137732361e-02,-1.732910067942496296e-03,9.992745173691108818e-01,-1.374360000000000026e-01,7.962700000000000333e-02,9.046099999999999974e-02,3.050410000000000066e-01,-1.778299999999999881e-01,-1.243700000000000014e-02,-1.049699999999999939e-01,-4.323300000000000060e-02,-2.105559999999999932e-01,2.764349999999999863e-01,-1.717339999999999978e-01,5.529599999999999793e-02,-3.125200000000000200e-02,0.000000000000000000e+00,0.000000000000000000e+00,-3.511040000000000272e-01,6.636799999999999644e-02,-3.179500000000000104e-01,-4.464299999999999935e-01,2.000850000000000128e-01,-1.895739999999999925e-01,-1.979120000000000046e-01,-3.914600000000000024e-02,-2.983009999999999828e-01,2.976960000000000162e-01,-6.960650000000000448e-01,-2.293739999999999946e-01,-1.142200000000000021e-01,-2.183219999999999883e-01
1.358099999999999932e-02,1.705299999999999871e-02,7.954430000000000112e-01,-2.033833074716312472e-02,3.215257784137732361e-02,-1.732910067942496296e-03,9.992745173691108818e-01,-1.374360000000000026e-01,7.962700000000000333e-02,9.046099999999999974e-02,3.050410000000000066e-01,-1.778299999999999881e-01,-1.243700000000000014e-02,-1.049699999999999939e-01,-4.323300000000000060e-02,-2.105559999999999932e-01,2.764349999999999863e-01,-1.717339999999999978e-01,5.529599999999999793e-02,-4.612499999999999933e-02,0.000000000000000000e+00,0.000000000000000000e+00,-3.446810000000000151e-01,8.273099999999999898e-02,-2.659779999999999922e-01,-4.552200000000000135e-01,2.356570000000000054e-01,-1.711030000000000051e-01,-1.920810000000000017e-01,-2.393999999999999947e-02,-3.168219999999999925e-01,3.029200000000000226e-01,-6.831970000000000542e-01,-2.357309999999999961e-01,-1.082179999999999948e-01,-2.164179999999999993e-01
1.358099999999999932e-02,1.705299999999999871e-02,7.954430000000000112e-01,-2.033833074716312472e-02,3.215257784137732361e-02,-1.732910067942496296e-03,9.992745173691108818e-01,-1.374360000000000026e-01,7.962700000000000333e-02,9.046099999999999974e-02,3.050410000000000066e-01,-1.778299999999999881e-01,-1.243700000000000014e-02,-1.049699999999999939e-01,-4.323300000000000060e-02,-2.105559999999999932e-01,2.764349999999999863e-01,-1.717339999999999978e-01,5.529599999999999793e-02,-5.748199999999999837e-02,0.000000000000000000e+00,0.000000000000000000e+00,-3.316169999999999951e-01,8.297799999999999621e-02,-2.173640000000000017e-01,-4.574340000000000073e-01,2.731640000000000179e-01,-1.491290000000000115e-01,-1.737760000000000138e-01,-8.005999999999999228e-03,-3.277740000000000098e-01,3.167809999999999793e-01,-6.716579999999999773e-01,-2.333119999999999916e-01,-9.228300000000000392e-02,-2.161389999999999978e-01
1.358099999999999932e-02,1.705299999999999871e-02,7.954430000000000112e-01,-2.033833074716312472e-02,3.215257784137732361e-02,-1.732910067942496296e-03,9.992745173691108818e-01,-1.374360000000000026e-01,7.962700000000000333e-02,9.046099999999999974e-02,3.050410000000000066e-01,-1.778299999999999881e-01,-1.243700000000000014e-02,-1.049699999999999939e-01,-4.323300000000000060e-02,-2.105559999999999932e-01,2.764349999999999863e-01,-1.717339999999999978e-01,5.529599999999999793e-02,-6.052699999999999747e-02,0.000000000000000000e+00,0.000000000000000000e+00,-3.157340000000000146e-01,6.950000000000000622e-02,-1.992029999999999912e-01,-4.527100000000000013e-01,3.061860000000000137e-01,-1.327899999999999914e-01,-1.596440000000000081e-01,1.041500000000000065e-02,-3.339449999999999918e-01,3.241800000000000237e-01,-6.651350000000000318e-01,-2.419689999999999896e-01,-7.785899999999999765e-02,-2.204299999999999871e-01
1.358099999999999932e-02,1.705299999999999871e-02,7.954430000000000112e-01,-2.033833074716312472e-02,3.215257784137732361e-02,-1.732910067942496296e-03,9.992745173691108818e-01,-1.374360000000000026e-01,7.962700000000000333e-02,9.046099999999999974e-02,3.050410000000000066e-01,-1.778299999999999881e-01,-1.243700000000000014e-02,-1.049699999999999939e-01,-4.323300000000000060e-02,-2.105559999999999932e-01,2.764349999999999863e-01,-1.717339999999999978e-01,5.529599999999999793e-02,-6.140999999999999931e-02,0.000000000000000000e+00,0.000000000000000000e+00,-3.030070000000000263e-01,4.523100000000000037e-02,-2.277710000000000012e-01,-4.396959999999999757e-01,3.128810000000000202e-01,-1.236379999999999979e-01,-1.552219999999999989e-01,3.133099999999999774e-02,-3.386689999999999978e-01,3.167900000000000160e-01,-6.639950000000000019e-01,-2.738889999999999936e-01,-6.446699999999999653e-02,-2.314940000000000053e-01
1.358099999999999932e-02,1.705299999999999871e-02,7.954430000000000112e-01,-2.033833074716312472e-02,3.215257784137732361e-02,-1.732910067942496296e-03,9.992745173691108818e-01,-1.374360000000000026e-01,7.962700000000000333e-02,9.046099999999999974e-02,3.050410000000000066e-01,-1.778299999999999881e-01,-1.243700000000000014e-02,-1.049699999999999939e-01,-4.323300000000000060e-02,-2.105559999999999932e-01,2.764349999999999863e-01,-1.717339999999999978e-01,5.529599999999999793e-02,-6.610699999999999910e-02,0.000000000000000000e+00,0.000000000000000000e+00,-3.060629999999999740e-01,2.403599999999999834e-02,-2.880650000000000155e-01,-4.131219999999999892e-01,3.111269999999999869e-01,-1.233589999999999964e-01,-1.596130000000000049e-01,5.178900000000000170e-02,-3.422930000000000139e-01,3.121490000000000098e-01,-6.725470000000000059e-01,-2.983419999999999961e-01,-3.323600000000000165e-02,-2.459010000000000085e-01
1.358099999999999932e-02,1.705299999999999871e-02,7.954430000000000112e-01,-2.033833074716312472e-02,3.215257784137732361e-02,-1.732910067942496296e-03,9.992745173691108818e-01,-1.374360000000000026e-01,7.962700000000000333e-02,9.046099999999999974e-02,3.050410000000000066e-01,-1.778299999999999881e-01,-1.243700000000000014e-02,-1.049699999999999939e-01,-4.323300000000000060e-02,-2.105559999999999932e-01,2.764349999999999863e-01,-1.717339999999999978e-01,5.529599999999999793e-02,-7.670100000000000529e-02,0.000000000000000000e+00,0.000000000000000000e+00,-3.242419999999999747e-01,1.207100000000000013e-02,-3.644549999999999734e-01,-3.838420000000000165e-01,3.230739999999999723e-01,-1.314319999999999933e-01,-1.705889999999999906e-01,6.054500000000000159e-02,-3.690309999999999979e-01,2.977500000000000147e-01,-6.841180000000000039e-01,-3.067250000000000254e-01,-5.479999999999999845e-04,-2.483350000000000002e-01
1.358099999999999932e-02,1.705299999999999871e-02,7.954430000000000112e-01,-2.033833074716312472e-02,3.215257784137732361e-02,-1.732910067942496296e-03,9.992745173691108818e-01,-1.374360000000000026e-01,7.962700000000000333e-02,9.046099999999999974e-02,3.050410000000000066e-01,-1.778299999999999881e-01,-1.243700000000000014e-02,-1.049699999999999939e-01,-4.323300000000000060e-02,-2.105559999999999932e-01,2.764349999999999863e-01,-1.717339999999999978e-01,5.529599999999999793e-02,-9.155000000000000637e-02,0.000000000000000000e+00,0.000000000000000000e+00,-3.672110000000000096e-01,9.029000000000000567e-03,-4.414969999999999728e-01,-3.552759999999999807e-01,3.440540000000000265e-01,-1.465619999999999978e-01,-1.843170000000000086e-01,4.060899999999999926e-02,-4.457860000000000156e-01,2.568159999999999887e-01,-7.060680000000000289e-01,-3.220790000000000042e-01,2.982599999999999835e-02,-2.249589999999999923e-01
1.358099999999999932e-02,1.705299999999999871e-02,7.954430000000000112e-01,-2.033833074716312472e-02,3.215257784137732361e-02,-1.732910067942496296e-03,9.992745173691108818e-01,-1.374360000000000026e-01,7.962700000000000333e-02,9.046099999999999974e-02,3.050410000000000066e-01,-1.778299999999999881e-01,-1.243700000000000014e-02,-1.049699999999999939e-01,-4.323300000000000060e-02,-2.105559999999999932e-01,2.764349999999999863e-01,-1.717339999999999978e-01,5.529599999999999793e-02,-1.087280000000000052e-01,0.000000000000000000e+00,0.000000000000000000e+00,-4.381450000000000067e-01,1.441500000000000073e-02,-5.070780000000000287e-01,-3.314389999999999836e-01,3.809549999999999881e-01,-1.680750000000000022e-01,-2.036030000000000062e-01,-1.331599999999999971e-02,-5.616750000000000353e-01,1.751939999999999886e-01,-7.344829999999999970e-01,-3.401719999999999744e-01,5.491999999999999660e-02,-2.056230000000000002e-01
1.358099999999999932e-02,1.705299999999999871e-02,7.954430000000000112e-01,-2.033833074716312472e-02,3.215257784137732361e-02,-1.732910067942496296e-03,9.992745173691108818e-01,-1.374360000000000026e-01,7.962700000000000333e-02,9.046099999999999974e-02,3.050410000000000066e-01,-1.778299999999999881e-01,-1.243700000000000014e-02,-1.049699999999999939e-01,-4.323300000000000060e-02,-2.105559999999999932e-01,2.764349999999999863e-01,-1.717339999999999978e-01,5.529599999999999793e-02,-1.239800000000000069e-01,0.000000000000000000e+00,0.000000000000000000e+00,-5.161710000000000464e-01,1.563600000000000059e-02,-5.791619999999999546e-01,-3.029390000000000138e-01,4.067100000000000160e-01,-1.950320000000000109e-01,-2.243439999999999879e-01,-9.597100000000000075e-02,-7.162920000000000398e-01,6.243300000000000238e-02,-7.522130000000000205e-01,-2.917250000000000121e-01,8.698000000000000176e-02,-2.086610000000000131e-01
1.358099999999999932e-02,1.705299999999999871e-02,7.954430000000000112e-01,-2.033833074716312472e-02,3.215257784137732361e-02,-1.732910067942496296e-03,9.992745173691108818e-01,-1.374360000000000026e-01,7.962700000000000333e-02,9.046099999999999974e-02,3.050410000000000066e-01,-1.778299999999999881e-01,-1.243700000000000014e-02,-1.049699999999999939e-01,-4.323300000000000060e-02,-2.105559999999999932e-01,2.764349999999999863e-01,-1.717339999999999978e-01,5.529599999999999793e-02,-1.352240000000000109e-01,0.000000000000000000e+00,0.000000000000000000e+00,-6.084840000000000249e-01,-6.198999999999999649e-03,-6.301930000000000032e-01,-2.621009999999999729e-01,4.181050000000000044e-01,-2.153839999999999921e-01,-2.357650000000000023e-01,-2.048719999999999986e-01,-9.053330000000000544e-01,-5.008900000000000158e-02,-7.302469999999999795e-01,-2.138059999999999961e-01,1.251609999999999945e-01,-1.978540000000000021e-01
1.358099999999999932e-02,1.705299999999999871e-02,7.954430000000000112e-01,-2.033833074716312472e-02,3.215257784137732361e-02,-1.732910067942496296e-03,9.992745173691108818e-01,-1.374360000000000026e-01,7.962700000000000333e-02,9.046099999999999974e-02,3.050410000000000066e-01,-1.778299999999999881e-01,-1.243700000000000014e-02,-1.049699999999999939e-01,-4.323300000000000060e-02,-2.105559999999999932e-01,2.764349999999999863e-01,-1.717339999999999978e-01,5.529599999999999793e-02,-1.406380000000000130e-01,0.000000000000000000e+00,0.000000000000000000e+00,-6.962159999999999460e-01,-8.283699999999999397e-02,-6.665529999999999511e-01,-2.130039999999999989e-01,4.377090000000000147e-01,-2.215479999999999949e-01,-2.037130000000000052e-01,-3.470349999999999824e-01,-1.142052999999999985e+00,-1.352250000000000119e-01,-6.251790000000000402e-01,-2.116000000000000103e-01,1.581909999999999983e-01,-1.450400000000000023e-01
1.358099999999999932e-02,1.705299999999999871e-02,7.954430000000000112e-01,-2.033833074716312472e-02,3.215257784137732361e-02,-1.732910067942496296e-03,9.992745173691108818e-01,-1.374360000000000026e-01,7.962700000000000333e-02,9.046099999999999974e-02,3.050410000000000066e-01,-1.778299999999999881e-01,-1.243700000000000014e-02,-1.049699999999999939e-01,-4.323300000000000060e-02,-2.105559999999999932e-01,2.764349999999999863e-01,-1.717339999999999978e-01,5.529599999999999793e-02,-1.436540000000000039e-01,0.000000000000000000e+00,0.000000000000000000e+00,-7.608179999999999943e-01,-1.989620000000000000e-01,-7.045709999999999473e-01,-1.703030000000000099e-01,4.466829999999999967e-01,-2.172409999999999897e-01,-1.388280000000000070e-01,-5.130419999999999980e-01,-1.383679000000000103e+00,-1.277389999999999914e-01,-4.236779999999999990e-01,-1.955139999999999934e-01,2.421740000000000004e-01,-6.766900000000000692e-02
1.358099999999999932e-02,1.705299999999999871e-02,7.954430000000000112e-01,-2.033833074716312472e-02,3.215257784137732361e-02,-1.732910067942496296e-03,9.992745173691108818e-01,-1.374360000000000026e-01,7.962700000000000333e-02,9.046099999999999974e-02,3.050410000000000066e-01,-1.778299999999999881e-01,-1.243700000000000014e-02,-1.049699999999999939e-01,-4.323300000000000060e-02,-2.105559999999999932e-01,2.764349999999999863e-01,-1.717339999999999978e-01,5.529599999999999793e-02,-1.390669999999999962e-01,0.000000000000000000e+00,0.000000000000000000e+00,-8.006060000000000398e-01,-3.219380000000000019e-01,-7.630460000000000020e-01,-1.388780000000000014e-01,4.625659999999999772e-01,-2.035550000000000137e-01,-6.499599999999999822e-02,-6.160269999999999913e-01,-1.635745000000000005e+00,-4.332500000000000240e-02,-1.430829999999999880e-01,-2.983219999999999761e-01,3.688020000000000187e-01,-3.348999999999999980e-03
1.358099999999999932e-02,1.705299999999999871e-02,7.954430000000000112e-01,-2.033833074716312472e-02,3.215257784137732361e-02,-1.732910067942496296e-03,9.992745173691108818e-01,-1.374360000000000026e-01,7.962700000000000333e-02,9.046099999999999974e-02,3.050410000000000066e-01,-1.778299999999999881e-01,-1.243700000000000014e-02,-1.049699999999999939e-01,-4.323300000000000060e-02,-2.105559999999999932e-01,2.764349999999999863e-01,-1.717339999999999978e-01,5.529599999999999793e-02,-1.275409999999999877e-01,0.000000000000000000e+00,0.000000000000000000e+00,-8.373829999999999885e-01,-3.849079999999999724e-01,-8.145879999999999788e-01,-1.254359999999999919e-01,4.599489999999999967e-01,-1.923670000000000102e-01,-4.930000000000000354e-03,-6.308960000000000123e-01,-1.778394999999999948e+00,7.690400000000000014e-02,1.339760000000000117e-01,-5.641450000000000076e-01,4.421149999999999802e-01,1.963030000000000053e-01
1.358099999999999932e-02,1.705299999999999871e-02,7.954430000000000112e-01,-2.033833074716312472e-02,3.215257784137732361e-02,-1.732910067942496296e-03,9.992745173691108818e-01,-1.374360000000000026e-01,7.962700000000000333e-02,9.046099999999999974e-02,3.050410000000000066e-01,-1.778299999999999881e-01,-1.243700000000000014e-02,-1.049699999999999939e-01,-4.323300000000000060e-02,-2.105559999999999932e-01,2.764349999999999863e-01,-1.717339999999999978e-01,5.529599999999999793e-02,-1.092290000000000066e-01,0.000000000000000000e+00,0.000000000000000000e+00,-8.791069999999999718e-01,-3.895129999999999981e-01,-8.230410000000000226e-01,-1.257979999999999932e-01,4.803709999999999924e-01,-1.725289999999999879e-01,3.173399999999999832e-02,-7.132370000000000099e-01,-1.780907999999999936e+00,1.449999999999999900e-01,2.323070000000000135e-01,-7.364439999999999875e-01,4.057890000000000108e-01,3.057010000000000005e-01
1.358099999999999932e-02,1.705299999999999871e-02,7.954430000000000112e-01,-2.033833074716312472e-02,3.215257784137732361e-02,-1.732910067942496296e-03,9.992745173691108818e-01,-1.374360000000000026e-01,7.962700000000000333e-02,9.046099999999999974e-02,3.050410000000000066e-01,-1.778299999999999881e-01,-1.243700000000000014e-02,-1.049699999999999939e-01,-4.323300000000000060e-02,-2.105559999999999932e-01,2.764349999999999863e-01,-1.717339999999999978e-01,5.529599999999999793e-02,-9.800799999999999790e-02,0.000000000000000000e+00,0.000000000000000000e+00,-9.038089999999999735e-01,-3.368769999999999820e-01,-7.715189999999999548e-01,-1.330349999999999866e-01,4.974140000000000228e-01,-1.456600000000000117e-01,5.556699999999999834e-02,-8.875650000000000484e-01,-1.689170999999999978e+00,2.407499999999999918e-01,1.975820000000000076e-01,-7.684630000000000072e-01,2.577650000000000219e-01,2.776069999999999927e-01
1.358099999999999932e-02,1.705299999999999871e-02,7.954430000000000112e-01,-2.033833074716312472e-02,3.215257784137732361e-02,-1.732910067942496296e-03,9.992745173691108818e-01,-1.374360000000000026e-01,7.962700000000000333e-02,9.046099999999999974e-02,3.050410000000000066e-01,-1.778299999999999881e-01,-1.243700000000000014e-02,-1.049699999999999939e-01,-4.323300000000000060e-02,-2.105559999999999932e-01,2.764349999999999863e-01,-1.717339999999999978e-01,5.529599999999999793e-02,-9.950499999999999623e-02,0.000000000000000000e+00,0.000000000000000000e+00,-9.022130000000000427e-01,-2.679520000000000235e-01,-6.943479999999999652e-01,-1.195340000000000014e-01,4.932259999999999978e-01,-1.205740000000000006e-01,5.208399999999999835e-02,-1.113976999999999995e+00,-1.457160999999999929e+00,4.263029999999999875e-01,1.788450000000000040e-01,-8.123299999999999965e-01,1.542030000000000067e-01,2.507969999999999922e-01
1.358099999999999932e-02,1.705299999999999871e-02,7.954430000000000112e-01,-2.033833074716312472e-02,3.215257784137732361e-02,-1.732910067942496296e-03,9.992745173691108818e-01,-1.374360000000000026e-01,7.962700000000000333e-02,9.046099999999999974e-02,3.050410000000000066e-01,-1.778299999999999881e-01,-1.243700000000000014e-02,-1.049699999999999939e-01,-4.323300000000000060e-02,-2.105559999999999932e-01,2.764349999999999863e-01,-1.717339999999999978e-01,5.529599999999999793e-02,-1.076750000000000068e-01,0.000000000000000000e+00,0.000000000000000000e+00,-8.790869999999999518e-01,-1.921170000000000100e-01,-5.946850000000000191e-01,-1.047730000000000050e-01,4.519239999999999924e-01,-9.590600000000000513e-02,3.398700000000000332e-02,-1.255962000000000023e+00,-1.219514999999999905e+00,5.784460000000000157e-01,2.757290000000000019e-01,-7.700679999999999747e-01,1.240249999999999964e-01,2.170610000000000039e-01
1.358099999999999932e-02,1.705299999999999871e-02,7.954430000000000112e-01,-2.033833074716312472e-02,3.215257784137732361e-02,-1.732910067942496296e-03,9.992745173691108818e-01,-1.374360000000000026e-01,7.962700000000000333e-02,9.046099999999999974e-02,3.050410000000000066e-01,-1.778299999999999881e-01,-1.243700000000000014e-02,-1.049699999999999939e-01,-4.323300000000000060e-02,-2.105559999999999932e-01,2.764349999999999863e-01,-1.717339999999999978e-01,5.529599999999999793e-02,-1.140729999999999938e-01,0.000000000000000000e+00,0.000000000000000000e+00,-8.299309999999999743e-01,-1.462130000000000096e-01,-5.115589999999999860e-01,-1.014229999999999993e-01,3.707199999999999940e-01,-7.835000000000000298e-02,1.920200000000000032e-02,-1.274815999999999949e+00,-1.029115999999999920e+00,6.602179999999999715e-01,4.099409999999999998e-01,-6.905599999999999516e-01,1.409890000000000032e-01,1.709019999999999984e-01
1.358099999999999932e-02,1.705299999999999871e-02,7.954430000000000112e-01,-2.033833074716312472e-02,3.215257784137732361e-02,-1.732910067942496296e-03,9.992745173691108818e-01,-1.374360000000000026e-01,7.962700000000000333e-02,9.046099999999999974e-02,3.050410000000000066e-01,-1.778299999999999881e-01,-1.243700000000000014e-02,-1.049699999999999939e-01,-4.323300000000000060e-02,-2.105559999999999932e-01,2.764349999999999863e-01,-1.717339999999999978e-01,5.529599999999999793e-02,-1.169369999999999993e-01,0.000000000000000000e+00,0.000000000000000000e+00,-7.681569999999999787e-01,-1.169110000000000010e-01,-4.722870000000000124e-01,-1.082810000000000022e-01,2.693349999999999911e-01,-7.115399999999999503e-02,-2.050499999999999892e-02,-1.211777000000000104e+00,-8.815169999999999950e-01,7.033199999999999452e-01,5.296370000000000244e-01,-6.320369999999999600e-01,1.582999999999999963e-01,1.293080000000000063e-01
1.358099999999999932e-02,1.705299999999999871e-02,7.954430000000000112e-01,-2.033833074716312472e-02,3.215257784137732361e-02,-1.732910067942496296e-03,9.992745173691108818e-01,-1.374360000000000026e-01,7.962700000000000333e-02,9.046099999999999974e-02,3.050410000000000066e-01,-1.778299999999999881e-01,-1.243700000000000014e-02,-1.049699999999999939e-01,-4.323300000000000060e-02,-2.105559999999999932e-01,2.764349999999999863e-01,-1.717339999999999978e-01,5.529599999999999793e-02,-1.173659999999999981e-01,0.000000000000000000e+00,0.000000000000000000e+00,-7.091800000000000326e-01,-8.545300000000000118e-02,-4.633550000000000169e-01,-1.242430000000000062e-01,2.151470000000000049e-01,-7.584000000000000463e-02,-5.790800000000000114e-02,-1.106911999999999896e+00,-7.596920000000000339e-01,7.053580000000000405e-01,6.210200000000000164e-01,-5.713840000000000030e-01,1.656630000000000047e-01,9.505399999999999960e-02
1.358099999999999932e-02,1.705299999999999871e-02,7.954430000000000112e-01,-2.033833074716312472e-02,3.215257784137732361e-02,-1.732910067942496296e-03,9.992745173691108818e-01,-1.374360000000000026e-01,7.962700000000000333e-02,9.046099999999999974e-02,3.050410000000000066e-01,-1.778299999999999881e-01,-1.243700000000000014e-02,-1.049699999999999939e-01,-4.323300000000000060e-02,-2.105559999999999932e-01,2.764349999999999863e-01,-1.717339999999999978e-01,5.529599999999999793e-02,-1.139000000000000012e-01,0.000000000000000000e+00,0.000000000000000000e+00,-6.661219999999999919e-01,-5.226200000000000290e-02,-4.733820000000000250e-01,-1.319960000000000022e-01,1.983300000000000063e-01,-9.069099999999999384e-02,-9.569900000000000628e-02,-9.814439999999999831e-01,-6.672569999999999890e-01,6.759039999999999493e-01,6.665659999999999918e-01,-5.128939999999999610e-01,1.639829999999999899e-01,5.888499999999999984e-02
1.358099999999999932e-02,1.705299999999999871e-02,7.954430000000000112e-01,-2.033833074716312472e-02,3.215257784137732361e-02,-1.732910067942496296e-03,9.992745173691108818e-01,-1.374360000000000026e-01,7.962700000000000333e-02,9.046099999999999974e-02,3.050410000000000066e-01,-1.778299999999999881e-01,-1.243700000000000014e-02,-1.049699999999999939e-01,-4.323300000000000060e-02,-2.105559999999999932e-01,2.764349999999999863e-01,-1.717339999999999978e-01,5.529599999999999793e-02,-1.113750000000000018e-01,0.000000000000000000e+00,0.000000000000000000e+00,-6.248930000000000318e-01,-2.318599999999999828e-02,-5.057369999999999921e-01,-1.339960000000000040e-01,1.879339999999999899e-01,-1.067820000000000019e-01,-1.360709999999999975e-01,-8.381189999999999474e-01,-5.965380000000000127e-01,6.310919999999999863e-01,6.781749999999999723e-01,-4.598499999999999810e-01,1.571009999999999907e-01,1.703700000000000006e-02
1.358099999999999932e-02,1.705299999999999871e-02,7.954430000000000112e-01,-2.033833074716312472e-02,3.215257784137732361e-02,-1.732910067942496296e-03,9.992745173691108818e-01,-1.374360000000000026e-01,7.962700000000000333e-02,9.046099999999999974e-02,3.050410000000000066e-01,-1.778299999999999881e-01,-1.243700000000000014e-02,-1.049699999999999939e-01,-4.323300000000000060e-02,-2.105559999999999932e-01,2.764349999999999863e-01,-1.717339999999999978e-01,5.529599999999999793e-02,-1.124700000000000005e-01,0.000000000000000000e+00,0.000000000000000000e+00,-5.845700000000000340e-01,7.361999999999999621e-03,-5.481759999999999966e-01,-1.317490000000000050e-01,1.752430000000000099e-01,-1.165800000000000031e-01,-1.695049999999999890e-01,-6.892650000000000166e-01,-5.392829999999999568e-01,5.854200000000000514e-01,6.559000000000000385e-01,-4.314180000000000237e-01,1.417480000000000129e-01,-2.454599999999999838e-02
1.358099999999999932e-02,1.705299999999999871e-02,7.954430000000000112e-01,-2.033833074716312472e-02,3.215257784137732361e-02,-1.732910067942496296e-03,9.992745173691108818e-01,-1.374360000000000026e-01,7.962700000000000333e-02,9.046099999999999974e-02,3.050410000000000066e-01,-1.778299999999999881e-01,-1.243700000000000014e-02,-1.049699999999999939e-01,-4.323300000000000060e-02,-2.105559999999999932e-01,2.764349999999999863e-01,-1.717339999999999978e-01,5.529599999999999793e-02,-1.176719999999999988e-01,0.000000000000000000e+00,0.000000000000000000e+00,-5.395069999999999588e-01,4.508000000000000201e-02,-5.914160000000000528e-01,-1.330890000000000128e-01,1.655969999999999942e-01,-1.218130000000000046e-01,-1.915389999999999870e-01,-5.256309999999999594e-01,-4.700489999999999946e-01,5.083520000000000261e-01,6.001269999999999660e-01,-3.898909999999999876e-01,1.326930000000000054e-01,-6.944500000000000672e-02
1.358099999999999932e-02,1.705299999999999871e-02,7.954430000000000112e-01,-2.033833074716312472e-02,3.215257784137732361e-02,-1.732910067942496296e-03,9.992745173691108818e-01,-1.374360000000000026e-01,7.962700000000000333e-02,9.046099999999999974e-02,3.050410000000000066e-01,-1.778299999999999881e-01,-1.243700000000000014e-02,-1.049699999999999939e-01,-4.323300000000000060e-02,-2.105559999999999932e-01,2.764349999999999863e-01,-1.717339999999999978e-01,5.529599999999999793e-02,-1.241710000000000036e-01,0.000000000000000000e+00,0.000000000000000000e+00,-4.941490000000000049e-01,8.309300000000000019e-02,-6.297239999999999505e-01,-1.335060000000000136e-01,1.531579999999999886e-01,-1.233069999999999999e-01,-2.050200000000000078e-01,-3.706670000000000242e-01,-4.058189999999999853e-01,4.374190000000000023e-01,5.204809999999999715e-01,-3.558549999999999769e-01,1.141910000000000008e-01,-9.402699999999999947e-02
1.358099999999999932e-02,1.705299999999999871e-02,7.954430000000000112e-01,-2.033833074716312472e-02,3.215257784137732361e-02,-1.732910067942496296e-03,9.992745173691108818e-01,-1.374360000000000026e-01,7.962700000000000333e-02,9.046099999999999974e-02,3.050410000000000066e-01,-1.778299999999999881e-01,-1.243700000000000014e-02,-1.049699999999999939e-01,-4.323300000000000060e-02,-2.105559999999999932e-01,2.764349999999999863e-01,-1.717339999999999978e-01,5.529599999999999793e-02,-1.307500000000000051e-01,0.000000000000000000e+00,0.000000000000000000e+00,-4.512769999999999837e-01,1.149270000000000014e-01,-6.588319999999999732e-01,-1.329480000000000106e-01,1.332720000000000016e-01,-1.211239999999999956e-01,-2.073579999999999868e-01,-2.300800000000000067e-01,-3.612830000000000208e-01,3.898139999999999938e-01,4.225479999999999792e-01,-3.601690000000000169e-01,8.952699999999999547e-02,-1.055859999999999993e-01
1.358099999999999932e-02,1.705299999999999871e-02,7.954430000000000112e-01,-2.033833074716312472e-02,3.215257784137732361e-02,-1.732910067942496296e-03,9.992745173691108818e-01,-1.374360000000000026e-01,7.962700000000000333e-02,9.046099999999999974e-02,3.050410000000000066e-01,-1.778299999999999881e-01,-1.243700000000000014e-02,-1.049699999999999939e-01,-4.323300000000000060e-02,-2.105559999999999932e-01,2.764349999999999863e-01,-1.717339999999999978e-01,5.529599999999999793e-02,-1.373320000000000096e-01,0.000000000000000000e+00,0.000000000000000000e+00,-4.124439999999999773e-01,1.398820000000000063e-01,-6.760340000000000238e-01,-1.352299999999999891e-01,1.168730000000000047e-01,-1.217590000000000061e-01,-2.040089999999999959e-01,-1.005980000000000069e-01,-3.224350000000000271e-01,3.448760000000000159e-01,3.163489999999999913e-01,-3.570409999999999973e-01,6.502800000000000247e-02,-1.015599999999999975e-01
1.358099999999999932e-02,1.705299999999999871e-02,7.954430000000000112e-01,-2.033833074716312472e-02,3.215257784137732361e-02,-1.732910067942496296e-03,9.992745173691108818e-01,-1.374360000000000026e-01,7.962700000000000333e-02,9.046099999999999974e-02,3.050410000000000066e-01,-1.778299999999999881e-01,-1.243700000000000014e-02,-1.049699999999999939e-01,-4.323300000000000060e-02,-2.105559999999999932e-01,2.764349999999999863e-01,-1.717339999999999978e-01,5.529599999999999793e-02,-1.433639999999999914e-01,0.000000000000000000e+00,0.000000000000000000e+00,-3.817710000000000270e-01,1.529639999999999889e-01,-6.760260000000000158e-01,-1.411719999999999919e-01,1.124929999999999958e-01,-1.236209999999999948e-01,-1.938080000000000080e-01,5.780000000000000415e-03,-2.954510000000000192e-01,3.079009999999999803e-01,2.090849999999999931e-01,-3.448439999999999839e-01,3.886900000000000077e-02,-8.333000000000000129e-02
1.358099999999999932e-02,1.705299999999999871e-02,7.954430000000000112e-01,-2.033833074716312472e-02,3.215257784137732361e-02,-1.732910067942496296e-03,9.992745173691108818e-01,-1.374360000000000026e-01,7.962700000000000333e-02,9.046099999999999974e-02,3.050410000000000066e-01,-1.778299999999999881e-01,-1.243700000000000014e-02,-1.049699999999999939e-01,-4.323300000000000060e-02,-2.105559999999999932e-01,2.764349999999999863e-01,-1.717339999999999978e-01,5.529599999999999793e-02,-1.428250000000000075e-01,0.000000000000000000e+00,0.000000000000000000e+00,-3.644279999999999742e-01,1.473849999999999882e-01,-6.605259999999999465e-01,-1.517729999999999912e-01,1.125349999999999961e-01,-1.285620000000000096e-01,-1.782799999999999940e-01,7.838399999999999535e-02,-2.934100000000000041e-01,2.789679999999999938e-01,1.003870000000000040e-01,-3.465829999999999744e-01,1.500399999999999998e-02,-7.030300000000000438e-02
1.358099999999999932e-02,1.705299999999999871e-02,7.954430000000000112e-01,-2.033833074716312472e-02,3.215257784137732361e-02,-1.732910067942496296e-03,9.992745173691108818e-01,-1.374360000000000026e-01,7.962700000000000333e-02,9.046099999999999974e-02,3.050410000000000066e-01,-1.778299999999999881e-01,-1.243700000000000014e-02,-1.049699999999999939e-01,-4.323300000000000060e-02,-2.105559999999999932e-01,2.764349999999999863e-01,-1.717339999999999978e-01,5.529599999999999793e-02,-1.401080000000000103e-01,0.000000000000000000e+00,0.000000000000000000e+00,-3.668529999999999847e-01,1.277050000000000129e-01,-6.324199999999999822e-01,-1.666239999999999943e-01,1.180790000000000034e-01,-1.369690000000000074e-01,-1.647980000000000000e-01,1.142490000000000033e-01,-3.104430000000000245e-01,2.551180000000000114e-01,-3.684999999999999908e-03,-3.471779999999999866e-01,9.799999999999999684e-04,-6.000599999999999684e-02
1.358099999999999932e-02,1.705299999999999871e-02,7.954430000000000112e-01,-2.033833074716312472e-02,3.215257784137732361e-02,-1.732910067942496296e-03,9.992745173691108818e-01,-1.374360000000000026e-01,7.962700000000000333e-02,9.046099999999999974e-02,3.050410000000000066e-01,-1.778299999999999881e-01,-1.243700000000000014e-02,-1.049699999999999939e-01,-4.323300000000000060e-02,-2.105559999999999932e-01,2.764349999999999863e-01,-1.717339999999999978e-01,5.529599999999999793e-02,-1.365889999999999882e-01,0.000000000000000000e+00,0.000000000000000000e+00,-3.896209999999999951e-01,9.738499999999999934e-02,-5.959109999999999685e-01,-1.854570000000000107e-01,1.270979999999999888e-01,-1.483869999999999911e-01,-1.524649999999999894e-01,1.128799999999999942e-01,-3.431770000000000098e-01,2.320629999999999915e-01,-1.032269999999999993e-01,-3.425230000000000219e-01,-6.007000000000000187e-03,-5.682700000000000251e-02
1.358099999999999932e-02,1.705299999999999871e-02,7.954430000000000112e-01,-2.033833074716312472e-02,3.215257784137732361e-02,-1.732910067942496296e-03,9.992745173691108818e-01,-1.374360000000000026e-01,7.962700000000000333e-02,9.046099999999999974e-02,3.050410000000000066e-01,-1.778299999999999881e-01,-1.243700000000000014e-02,-1.049699999999999939e-01,-4.323300000000000060e-02,-2.105559999999999932e-01,2.764349999999999863e-01,-1.717339999999999978e-01,5.529599999999999793e-02,-1.288819999999999966e-01,0.000000000000000000e+00,0.000000000000000000e+00,-4.349700000000000233e-01,5.833900000000000197e-02,-5.479359999999999786e-01,-1.972319999999999907e-01,1.511800000000000088e-01,-1.620310000000000084e-01,-1.338830000000000020e-01,8.886099999999999555e-02,-3.807789999999999786e-01,2.032809999999999895e-01,-1.997559999999999891e-01,-3.524729999999999808e-01,-5.610000000000000403e-03,-5.942599999999999966e-02
1.358099999999999932e-02,1.705299999999999871e-02,7.954430000000000112e-01,-2.033833074716312472e-02,3.215257784137732361e-02,-1.732910067942496296e-03,9.992745173691108818e-01,-1.374360000000000026e-01,7.962700000000000333e-02,9.046099999999999974e-02,3.050410000000000066e-01,-1.778299999999999881e-01,-1.243700000000000014e-02,-1.049699999999999939e-01,-4.323300000000000060e-02,-2.105559999999999932e-01,2.764349999999999863e-01,-1.717339999999999978e-01,5.529599999999999793e-02,-1.017600000000000032e-01,0.000000000000000000e+00,0.000000000000000000e+00,-4.883029999999999871e-01,2.066399999999999834e-02,-5.067450000000000010e-01,-2.057370000000000032e-01,1.665800000000000058e-01,-1.711489999999999956e-01,-1.212260000000000004e-01,5.177199999999999858e-02,-4.290539999999999909e-01,1.809129999999999905e-01,-2.819570000000000132e-01,-3.580789999999999806e-01,1.294999999999999927e-03,-6.294299999999999895e-02
1.358099999999999932e-02,1.705299999999999871e-02,7.954430000000000112e-01,-2.033833074716312472e-02,3.215257784137732361e-02,-1.732910067942496296e-03,9.992745173691108818e-01,-1.374360000000000026e-01,7.962700000000000333e-02,9.046099999999999974e-02,3.050410000000000066e-01,-1.778299999999999881e-01,-1.243700000000000014e-02,-1.049699999999999939e-01,-4.323300000000000060e-02,-2.105559999999999932e-01,2.764349999999999863e-01,-1.717339999999999978e-01,5.529599999999999793e-02,-7.409100000000000408e-02,0.000000000000000000e+00,0.000000000000000000e+00,-5.366560000000000219e-01,-4.532999999999999703e-03,-4.723410000000000108e-01,-2.071310000000000096e-01,1.807699999999999863e-01,-1.717039999999999955e-01,-1.180110000000000048e-01,9.702999999999999819e-03,-4.701170000000000071e-01,1.691249999999999976e-01,-3.442640000000000144e-01,-3.552679999999999727e-01,8.989000000000000462e-03,-6.031000000000000250e-02
1.358099999999999932e-02,1.705299999999999871e-02,7.954430000000000112e-01,-2.033833074716312472e-02,3.215257784137732361e-02,-1.732910067942496296e-03,9.992745173691108818e-01,-1.374360000000000026e-01,7.962700000000000333e-02,9.046099999999999974e-02,3.050410000000000066e-01,-1.778299999999999881e-01,-1.243700000000000014e-02,-1.049699999999999939e-01,-4.323300000000000060e-02,-2.105559999999999932e-01,2.764349999999999863e-01,-1.717339999999999978e-01,5.529599999999999793e-02,-5.825700000000000323e-02,0.000000000000000000e+00,0.000000000000000000e+00,-5.596919999999999673e-01,-1.476399999999999935e-02,-4.375689999999999857e-01,-2.059429999999999872e-01,2.106169999999999987e-01,-1.643779999999999963e-01,-1.166559999999999958e-01,-3.750699999999999867e-02,-4.942250000000000254e-01,1.723959999999999937e-01,-3.728279999999999927e-01,-3.583160000000000234e-01,2.002299999999999913e-02,-5.383099999999999691e-02
1.358099999999999932e-02,1.705299999999999871e-02,7.954430000000000112e-01,-2.033833074716312472e-02,3.215257784137732361e-02,-1.732910067942496296e-03,9.992745173691108818e-01,-1.374360000000000026e-01,7.962700000000000333e-02,9.046099999999999974e-02,3.050410000000000066e-01,-1.778299999999999881e-01,-1.243700000000000014e-02,-1.049699999999999939e-01,-4.323300000000000060e-02,-2.105559999999999932e-01,2.764349999999999863e-01,-1.717339999999999978e-01,5.529599999999999793e-02,-6.051600000000000035e-02,0.000000000000000000e+00,0.000000000000000000e+00,-5.427340000000000497e-01,-9.206000000000000641e-03,-4.050130000000000119e-01,-2.107610000000000039e-01,2.386810000000000043e-01,-1.516569999999999863e-01,-1.095239999999999964e-01,-9.279800000000000548e-02,-4.930530000000000190e-01,1.990560000000000107e-01,-3.628419999999999979e-01,-3.757429999999999937e-01,2.932399999999999937e-02,-4.383299999999999697e-02
1.358099999999999932e-02,1.705299999999999871e-02,7.954430000000000112e-01,-2.033833074716312472e-02,3.215257784137732361e-02,-1.732910067942496296e-03,9.992745173691108818e-01,-1.374360000000000026e-01,7.962700000000000333e-02,9.046099999999999974e-02,3.050410000000000066e-01,-1.778299999999999881e-01,-1.243700000000000014e-02,-1.049699999999999939e-01,-4.323300000000000060e-02,-2.105559999999999932e-01,2.764349999999999863e-01,-1.717339999999999978e-01,5.529599999999999793e-02,-6.850100000000000633e-02,0.000000000000000000e+00,0.000000000000000000e+00,-4.919520000000000004e-01,8.959999999999999215e-03,-3.830399999999999916e-01,-2.246819999999999928e-01,2.404169999999999918e-01,-1.420359999999999956e-01,-1.132959999999999939e-01,-1.479189999999999949e-01,-4.637080000000000091e-01,2.454570000000000085e-01,-3.320879999999999943e-01,-3.790029999999999788e-01,2.933699999999999850e-02,-4.117500000000000326e-02
1.358099999999999932e-02,1.705299999999999871e-02,7.954430000000000112e-01,-2.033833074716312472e-02,3.215257784137732361e-02,-1.732910067942496296e-03,9.992745173691108818e-01,-1.374360000000000026e-01,7.962700000000000333e-02,9.046099999999999974e-02,3.050410000000000066e-01,-1.778299999999999881e-01,-1.243700000000000014e-02,-1.049699999999999939e-01,-4.323300000000000060e-02,-2.105559999999999932e-01,2.764349999999999863e-01,-1.717339999999999978e-01,5.529599999999999793e-02,-7.894800000000000428e-02,0.000000000000000000e+00,0.000000000000000000e+00,-4.215999999999999748e-01,3.908099999999999768e-02,-3.728600000000000247e-01,-2.445160000000000111e-01,2.128500000000000114e-01,-1.356489999999999918e-01,-1.296559999999999935e-01,-1.903279999999999972e-01,-4.084360000000000213e-01,2.969269999999999965e-01,-3.044850000000000056e-01,-3.382459999999999911e-01,2.086899999999999866e-02,-5.397600000000000314e-02
1.358099999999999932e-02,1.705299999999999871e-02,7.954430000000000112e-01,-2.033833074716312472e-02,3.215257784137732361e-02,-1.732910067942496296e-03,9.992745173691108818e-01,-1.374360000000000026e-01,7.962700000000000333e-02,9.046099999999999974e-02,3.050410000000000066e-01,-1.778299999999999881e-01,-1.243700000000000014e-02,-1.049699999999999939e-01,-4.323300000000000060e-02,-2.105559999999999932e-01,2.764349999999999863e-01,-1.717339999999999978e-01,5.529599999999999793e-02,-8.628299999999999859e-02,0.000000000000000000e+00,0.000000000000000000e+00,-3.334079999999999822e-01,8.774700000000000555e-02,-3.686470000000000025e-01,-2.738530000000000131e-01,2.002659999999999996e-01,-1.309879999999999933e-01,-1.345629999999999882e-01,-2.235669999999999880e-01,-3.569330000000000003e-01,3.509169999999999789e-01,-2.926050000000000040e-01,-2.841600000000000237e-01,9.820000000000000170e-04,-7.098899999999999655e-02
1.358099999999999932e-02,1.705299999999999871e-02,7.954430000000000112e-01,-2.033833074716312472e-02,3.215257784137732361e-02,-1.732910067942496296e-03,9.992745173691108818e-01,-1.374360000000000026e-01,7.962700000000000333e-02,9.046099999999999974e-02,3.050410000000000066e-01,-1.778299999999999881e-01,-1.243700000000000014e-02,-1.049699999999999939e-01,-4.323300000000000060e-02,-2.105559999999999932e-01,2.764349999999999863e-01,-1.717339999999999978e-01,5.529599999999999793e-02,-8.568199999999999428e-02,0.000000000000000000e+00,0.000000000000000000e+00,-2.529739999999999767e-01,1.287959999999999938e-01,-3.504800000000000137e-01,-2.959049999999999736e-01,1.953330000000000066e-01,-1.278070000000000039e-01,-1.484620000000000106e-01,-2.240099999999999869e-01,-3.015889999999999960e-01,3.860750000000000015e-01,-3.154939999999999967e-01,-2.692919999999999758e-01,-4.465000000000000219e-02,-6.718399999999999372e-02
1.358099999999999932e-02,1.705299999999999871e-02,7.954430000000000112e-01,-2.033833074716312472e-02,3.215257784137732361e-02,-1.732910067942496296e-03,9.992745173691108818e-01,-1.374360000000000026e-01,7.962700000000000333e-02,9.046099999999999974e-02,3.050410000000000066e-01,-1.778299999999999881e-01,-1.243700000000000014e-02,-1.049699999999999939e-01,-4.323300000000000060e-02,-2.105559999999999932e-01,2.764349999999999863e-01,-1.717339999999999978e-01,5.529599999999999793e-02,-7.463699999999999501e-02,0.000000000000000000e+00,0.000000000000000000e+00,-1.716209999999999958e-01,1.548080000000000012e-01,-3.298220000000000041e-01,-3.342060000000000031e-01,1.947319999999999884e-01,-1.387849999999999917e-01,-1.546649999999999969e-01,-2.224869999999999903e-01,-2.627499999999999836e-01,4.078209999999999891e-01,-3.520209999999999728e-01,-2.622700000000000031e-01,-9.853000000000000647e-02,-5.838000000000000134e-02
1.358099999999999932e-02,1.705299999999999871e-02,7.954430000000000112e-01,-2.033833074716312472e-02,3.215257784137732361e-02,-1.732910067942496296e-03,9.992745173691108818e-01,-1.374360000000000026e-01,7.962700000000000333e-02,9.046099999999999974e-02,3.050410000000000066e-01,-1.778299999999999881e-01,-1.243700000000000014e-02,-1.049699999999999939e-01,-4.323300000000000060e-02,-2.105559999999999932e-01,2.764349999999999863e-01,-1.717339999999999978e-01,5.529599999999999793e-02,-5.717099999999999960e-02,0.000000000000000000e+00,0.000000000000000000e+00,-1.244679999999999953e-01,1.843909999999999993e-01,-3.085769999999999902e-01,-3.937809999999999921e-01,1.985210000000000030e-01,-1.441080000000000139e-01,-1.577479999999999993e-01,-2.567400000000000237e-01,-2.457100000000000117e-01,4.238680000000000225e-01,-3.918730000000000269e-01,-2.533179999999999876e-01,-1.300139999999999907e-01,-6.411600000000000632e-02
1.358099999999999932e-02,1.705299999999999871e-02,7.954430000000000112e-01,-2.033833074716312472e-02,3.215257784137732361e-02,-1.732910067942496296e-03,9.992745173691108818e-01,-1.374360000000000026e-01,7.962700000000000333e-02,9.046099999999999974e-02,3.050410000000000066e-01,-1.778299999999999881e-01,-1.243700000000000014e-02,-1.049699999999999939e-01,-4.323300000000000060e-02,-2.105559999999999932e-01,2.764349999999999863e-01,-1.717339999999999978e-01,5.529599999999999793e-02,-4.275999999999999940e-02,0.000000000000000000e+00,0.000000000000000000e+00,-1.299109999999999987e-01,2.024239999999999928e-01,-2.770079999999999765e-01,-4.565259999999999874e-01,2.150990000000000124e-01,-1.373310000000000086e-01,-1.520710000000000117e-01,-3.084009999999999807e-01,-2.395269999999999899e-01,4.223709999999999964e-01,-4.320049999999999724e-01,-2.492419999999999913e-01,-1.505720000000000114e-01,-7.405599999999999683e-02
1.358099999999999932e-02,1.705299999999999871e-02,7.954430000000000112e-01,-2.033833074716312472e-02,3.215257784137732361e-02,-1.732910067942496296e-03,9.992745173691108818e-01,-1.374360000000000026e-01,7.962700000000000333e-02,9.046099999999999974e-02,3.050410000000000066e-01,-1.778299999999999881e-01,-1.243700000000000014e-02,-1.049699999999999939e-01,-4.323300000000000060e-02,-2.105559999999999932e-01,2.764349999999999863e-01,-1.717339999999999978e-01,5.529599999999999793e-02,-3.508100000000000107e-02,0.000000000000000000e+00,0.000000000000000000e+00,-1.605509999999999993e-01,2.048929999999999918e-01,-2.352769999999999861e-01,-5.163550000000000084e-01,2.367980000000000085e-01,-1.324239999999999862e-01,-1.366620000000000057e-01,-3.694230000000000014e-01,-2.364729999999999888e-01,4.121139999999999803e-01,-4.676609999999999934e-01,-2.363419999999999965e-01,-1.574399999999999966e-01,-8.275699999999999723e-02
1.358099999999999932e-02,1.705299999999999871e-02,7.954430000000000112e-01,-2.033833074716312472e-02,3.215257784137732361e-02,-1.732910067942496296e-03,9.992745173691108818e-01,-1.374360000000000026e-01,7.962700000000000333e-02,9.046099999999999974e-02,3.050410000000000066e-01,-1.778299999999999881e-01,-1.243700000000000014e-02,-1.049699999999999939e-01,-4.323300000000000060e-02,-2.105559999999999932e-01,2.764349999999999863e-01,-1.717339999999999978e-01,5.529599999999999793e-02,-3.201699999999999685e-02,0.000000000000000000e+00,0.000000000000000000e+00,-2.107829999999999981e-01,1.835650000000000059e-01,-1.991580000000000017e-01,-5.629880000000000440e-01,2.456969999999999987e-01,-1.344819999999999904e-01,-1.173040000000000055e-01,-4.346920000000000228e-01,-2.368530000000000080e-01,3.930390000000000272e-01,-4.994120000000000226e-01,-2.122519999999999962e-01,-1.525870000000000004e-01,-9.189100000000000046e-02
1.358099999999999932e-02,1.705299999999999871e-02,7.954430000000000112e-01,-2.033833074716312472e-02,3.215257784137732361e-02,-1.732910067942496296e-03,9.992745173691108818e-01,-1.374360000000000026e-01,7.962700000000000333e-02,9.046099999999999974e-02,3.050410000000000066e-01,-1.778299999999999881e-01,-1.243700000000000014e-02,-1.049699999999999939e-01,-4.323300000000000060e-02,-2.105559999999999932e-01,2.764349999999999863e-01,-1.717339999999999978e-01,5.529599999999999793e-02,-3.055199999999999930e-02,0.000000000000000000e+00,0.000000000000000000e+00,-2.803129999999999789e-01,1.427279999999999938e-01,-1.766129999999999922e-01,-5.927019999999999511e-01,2.409459999999999935e-01,-1.445809999999999873e-01,-9.543699999999999406e-02,-4.930260000000000198e-01,-2.461569999999999869e-01,3.652480000000000171e-01,-5.362860000000000404e-01,-1.776020000000000099e-01,-1.391529999999999989e-01,-1.016259999999999941e-01
1.358099999999999932e-02,1.705299999999999871e-02,7.954430000000000112e-01,-2.033833074716312472e-02,3.215257784137732361e-02,-1.732910067942496296e-03,9.992745173691108818e-01,-1.374360000000000026e-01,7.962700000000000333e-02,9.046099999999999974e-02,3.050410000000000066e-01,-1.778299999999999881e-01,-1.243700000000000014e-02,-1.049699999999999939e-01,-4.323300000000000060e-02,-2.105559999999999932e-01,2.764349999999999863e-01,-1.717339999999999978e-01,5.529599999999999793e-02,-3.212600000000000178e-02,0.000000000000000000e+00,0.000000000000000000e+00,-3.681450000000000000e-01,9.414699999999999458e-02,-1.692220000000000113e-01,-6.082809999999999606e-01,2.205100000000000116e-01,-1.597220000000000029e-01,-7.977800000000000169e-02,-5.400549999999999518e-01,-2.606450000000000156e-01,3.302860000000000240e-01,-5.821939999999999893e-01,-1.264000000000000123e-01,-1.246140000000000025e-01,-1.058820000000000039e-01
1.358099999999999932e-02,1.705299999999999871e-02,7.954430000000000112e-01,-2.033833074716312472e-02,3.215257784137732361e-02,-1.732910067942496296e-03,9.992745173691108818e-01,-1.374360000000000026e-01,7.962700000000000333e-02,9.046099999999999974e-02,3.050410000000000066e-01,-1.778299999999999881e-01,-1.243700000000000014e-02,-1.049699999999999939e-01,-4.323300000000000060e-02,-2.105559999999999932e-01,2.764349999999999863e-01,-1.717339999999999978e-01,5.529599999999999793e-02,-3.999699999999999783e-02,0.000000000000000000e+00,0.000000000000000000e+00,-4.699639999999999929e-01,4.404299999999999882e-02,-1.774280000000000024e-01,-6.096000000000000307e-01,1.699640000000000040e-01,-1.751759999999999984e-01,-7.775700000000000667e-02,-5.775019999999999598e-01,-2.710679999999999756e-01,2.862080000000000179e-01,-6.278200000000000447e-01,-7.380399999999999461e-02,-1.114799999999999958e-01,-1.093709999999999960e-01
1.358099999999999932e-02,1.705299999999999871e-02,7.954430000000000112e-01,-2.033833074716312472e-02,3.215257784137732361e-02,-1.732910067942496296e-03,9.992745173691108818e-01,-1.374360000000000026e-01,7.962700000000000333e-02,9.046099999999999974e-02,3.050410000000000066e-01,-1.778299999999999881e-01,-1.243700000000000014e-02,-1.049699999999999939e-01,-4.323300000000000060e-02,-2.105559999999999932e-01,2.764349999999999863e-01,-1.717339999999999978e-01,5.529599999999999793e-02,-6.022700000000000276e-02,0.000000000000000000e+00,0.000000000000000000e+00,-5.639979999999999993e-01,-9.959999999999999236e-04,-1.716920000000000113e-01,-5.933040000000000536e-01,1.209889999999999993e-01,-1.944680000000000020e-01,-8.350299999999999390e-02,-6.103199999999999736e-01,-2.631569999999999743e-01,2.435299999999999965e-01,-6.634290000000000465e-01,-5.154899999999999760e-02,-9.715999999999999637e-02,-1.178290000000000032e-01
1.358099999999999932e-02,1.705299999999999871e-02,7.954430000000000112e-01,-2.033833074716312472e-02,3.215257784137732361e-02,-1.732910067942496296e-03,9.992745173691108818e-01,-1.374360000000000026e-01,7.962700000000000333e-02,9.046099999999999974e-02,3.050410000000000066e-01,-1.778299999999999881e-01,-1.243700000000000014e-02,-1.049699999999999939e-01,-4.323300000000000060e-02,-2.105559999999999932e-01,2.764349999999999863e-01,-1.717339999999999978e-01,5.529599999999999793e-02,-8.845300000000000384e-02,0.000000000000000000e+00,0.000000000000000000e+00,-6.381620000000000070e-01,-4.053600000000000259e-02,-1.506859999999999866e-01,-5.788729999999999709e-01,1.095549999999999996e-01,-2.031660000000000132e-01,-9.230199999999999516e-02,-6.438760000000000039e-01,-2.426979999999999971e-01,2.052120000000000055e-01,-6.755010000000000181e-01,-6.307400000000000506e-02,-8.318399999999999406e-02,-1.301650000000000029e-01
1.358099999999999932e-02,1.705299999999999871e-02,7.954430000000000112e-01,-2.033833074716312472e-02,3.215257784137732361e-02,-1.732910067942496296e-03,9.992745173691108818e-01,-1.374360000000000026e-01,7.962700000000000333e-02,9.046099999999999974e-02,3.050410000000000066e-01,-1.778299999999999881e-01,-1.243700000000000014e-02,-1.049699999999999939e-01,-4.323300000000000060e-02,-2.105559999999999932e-01,2.764349999999999863e-01,-1.717339999999999978e-01,5.529599999999999793e-02,-1.105659999999999976e-01,0.000000000000000000e+00,0.000000000000000000e+00,-6.862460000000000226e-01,-7.706899999999999862e-02,-1.386020000000000030e-01,-5.594379999999999908e-01,1.178629999999999955e-01,-2.101280000000000092e-01,-1.113500000000000045e-01,-6.570310000000000317e-01,-2.204569999999999863e-01,1.743949999999999945e-01,-6.756060000000000398e-01,-1.097069999999999990e-01,-7.011900000000000077e-02,-1.419009999999999994e-01
1.358099999999999932e-02,1.705299999999999871e-02,7.954430000000000112e-01,-2.033833074716312472e-02,3.215257784137732361e-02,-1.732910067942496296e-03,9.992745173691108818e-01,-1.374360000000000026e-01,7.962700000000000333e-02,9.046099999999999974e-02,3.050410000000000066e-01,-1.778299999999999881e-01,-1.243700000000000014e-02,-1.049699999999999939e-01,-4.323300000000000060e-02,-2.105559999999999932e-01,2.764349999999999863e-01,-1.717339999999999978e-01,5.529599999999999793e-02,-1.178690000000000015e-01,0.000000000000000000e+00,0.000000000000000000e+00,-7.161629999999999940e-01,-1.157230000000000064e-01,-1.454870000000000052e-01,-5.282189999999999941e-01,1.105359999999999954e-01,-2.105170000000000097e-01,-1.364829999999999932e-01,-6.376190000000000468e-01,-1.909319999999999906e-01,1.657810000000000117e-01,-6.760620000000000518e-01,-1.590989999999999904e-01,-5.086000000000000243e-02,-1.449519999999999975e-01
1.358099999999999932e-02,1.705299999999999871e-02,7.954430000000000112e-01,-2.033833074716312472e-02,3.215257784137732361e-02,-1.732910067942496296e-03,9.992745173691108818e-01,-1.374360000000000026e-01,7.962700000000000333e-02,9.046099999999999974e-02,3.050410000000000066e-01,-1.778299999999999881e-01,-1.243700000000000014e-02,-1.049699999999999939e-01,-4.323300000000000060e-02,-2.105559999999999932e-01,2.764349999999999863e-01,-1.717339999999999978e-01,5.529599999999999793e-02,-1.165879999999999972e-01,0.000000000000000000e+00,0.000000000000000000e+00,-7.189550000000000107e-01,-1.435079999999999967e-01,-1.684700000000000086e-01,-4.939069999999999849e-01,9.921000000000000651e-02,-2.081109999999999904e-01,-1.566180000000000072e-01,-5.878179999999999517e-01,-1.841079999999999939e-01,1.720309999999999895e-01,-6.754409999999999581e-01,-1.747809999999999919e-01,-3.328600000000000309e-02,-1.545930000000000082e-01
1.358099999999999932e-02,1.705299999999999871e-02,7.954430000000000112e-01,-2.033833074716312472e-02,3.215257784137732361e-02,-1.732910067942496296e-03,9.992745173691108818e-01,-1.374360000000000026e-01,7.962700000000000333e-02,9.046099999999999974e-02,3.050410000000000066e-01,-1.778299999999999881e-01,-1.243700000000000014e-02,-1.049699999999999939e-01,-4.323300000000000060e-02,-2.105559999999999932e-01,2.764349999999999863e-01,-1.717339999999999978e-01,5.529599999999999793e-02,-1.100290000000000018e-01,0.000000000000000000e+00,0.000000000000000000e+00,-6.961859999999999715e-01,-1.631160000000000110e-01,-1.981809999999999961e-01,-4.588039999999999896e-01,1.034579999999999944e-01,-2.078170000000000017e-01,-1.666950000000000098e-01,-5.170620000000000216e-01,-1.913100000000000078e-01,1.809649999999999870e-01,-6.754160000000000164e-01,-1.783069999999999933e-01,-1.792799999999999949e-02,-1.574180000000000024e-01
1.358099999999999932e-02,1.705299999999999871e-02,7.954430000000000112e-01,-2.033833074716312472e-02,3.215257784137732361e-02,-1.732910067942496296e-03,9.992745173691108818e-01,-1.374360000000000026e-01,7.962700000000000333e-02,9.046099999999999974e-02,3.050410000000000066e-01,-1.778299999999999881e-01,-1.243700000000000014e-02,-1.049699999999999939e-01,-4.323300000000000060e-02,-2.105559999999999932e-01,2.764349999999999863e-01,-1.717339999999999978e-01,5.529599999999999793e-02,-1.018769999999999953e-01,0.000000000000000000e+00,0.000000000000000000e+00,-6.574240000000000084e-01,-1.724449999999999872e-01,-2.366739999999999955e-01,-4.283919999999999950e-01,1.096349999999999963e-01,-2.053540000000000088e-01,-1.726989999999999914e-01,-4.332150000000000167e-01,-2.038240000000000052e-01,1.844000000000000083e-01,-6.763449999999999740e-01,-1.775380000000000014e-01,-6.990999999999999819e-03,-1.596079999999999999e-01
1.358099999999999932e-02,1.705299999999999871e-02,7.954430000000000112e-01,-2.033833074716312472e-02,3.215257784137732361e-02,-1.732910067942496296e-03,9.992745173691108818e-01,-1.374360000000000026e-01,7.962700000000000333e-02,9.046099999999999974e-02,3.050410000000000066e-01,-1.778299999999999881e-01,-1.243700000000000014e-02,-1.049699999999999939e-01,-4.323300000000000060e-02,-2.105559999999999932e-01,2.764349999999999863e-01,-1.717339999999999978e-01,5.529599999999999793e-02,-9.285599999999999410e-02,0.000000000000000000e+00,0.000000000000000000e+00,-6.107660000000000311e-01,-1.712859999999999938e-01,-2.821020000000000194e-01,-4.065469999999999917e-01,1.069299999999999973e-01,-2.056389999999999885e-01,-1.884540000000000104e-01,-3.413729999999999820e-01,-2.163019999999999943e-01,1.840900000000000036e-01,-6.822099999999999831e-01,-1.681070000000000064e-01,-1.742999999999999975e-03,-1.626650000000000040e-01
1.358099999999999932e-02,1.705299999999999871e-02,7.954430000000000112e-01,-2.033833074716312472e-02,3.215257784137732361e-02,-1.732910067942496296e-03,9.992745173691108818e-01,-1.374360000000000026e-01,7.962700000000000333e-02,9.046099999999999974e-02,3.050410000000000066e-01,-1.778299999999999881e-01,-1.243700000000000014e-02,-1.049699999999999939e-01,-4.323300000000000060e-02,-2.105559999999999932e-01,2.764349999999999863e-01,-1.717339999999999978e-01,5.529599999999999793e-02,-8.196799999999999919e-02,0.000000000000000000e+00,0.000000000000000000e+00,-5.584170000000000522e-01,-1.635659999999999892e-01,-3.209080000000000266e-01,-3.953690000000000260e-01,1.090929999999999955e-01,-2.085370000000000001e-01,-1.995030000000000137e-01,-2.444149999999999934e-01,-2.272520000000000095e-01,1.819620000000000126e-01,-6.898090000000000055e-01,-1.529359999999999886e-01,-1.363999999999999978e-03,-1.656960000000000099e-01
1.358099999999999932e-02,1.705299999999999871e-02,7.954430000000000112e-01,-2.033833074716312472e-02,3.215257784137732361e-02,-1.732910067942496296e-03,9.992745173691108818e-01,-1.374360000000000026e-01,7.962700000000000333e-02,9.046099999999999974e-02,3.050410000000000066e-01,-1.778299999999999881e-01,-1.243700000000000014e-02,-1.049699999999999939e-01,-4.323300000000000060e-02,-2.105559999999999932e-01,2.764349999999999863e-01,-1.717339999999999978e-01,5.529599999999999793e-02,-6.772100000000000342e-02,0.000000000000000000e+00,0.000000000000000000e+00,-5.045199999999999685e-01,-1.536829999999999863e-01,-3.562290000000000179e-01,-3.911259999999999737e-01,1.074940000000000062e-01,-2.088230000000000086e-01,-2.090799999999999881e-01,-1.456620000000000137e-01,-2.386020000000000085e-01,1.763379999999999947e-01,-6.966510000000000202e-01,-1.411469999999999947e-01,-7.148999999999999973e-03,-1.720470000000000055e-01
1.358099999999999932e-02,1.705299999999999871e-02,7.954430000000000112e-01,-2.033833074716312472e-02,3.215257784137732361e-02,-1.732910067942496296e-03,9.992745173691108818e-01,-1.374360000000000026e-01,7.962700000000000333e-02,9.046099999999999974e-02,3.050410000000000066e-01,-1.778299999999999881e-01,-1.243700000000000014e-02,-1.049699999999999939e-01,-4.323300000000000060e-02,-2.105559999999999932e-01,2.764349999999999863e-01,-1.717339999999999978e-01,5.529599999999999793e-02,-4.725700000000000039e-02,0.000000000000000000e+00,0.000000000000000000e+00,-4.521519999999999984e-01,-1.414239999999999942e-01,-3.850939999999999919e-01,-3.919759999999999911e-01,1.075620000000000048e-01,-2.122020000000000017e-01,-2.224559999999999871e-01,-5.034399999999999986e-02,-2.515970000000000151e-01,1.711590000000000056e-01,-6.985980000000000523e-01,-1.323850000000000027e-01,-1.205400000000000048e-02,-1.804179999999999950e-01
1.358099999999999932e-02,1.705299999999999871e-02,7.954430000000000112e-01,-2.033833074716312472e-02,3.215257784137732361e-02,-1.732910067942496296e-03,9.992745173691108818e-01,-1.374360000000000026e-01,7.962700000000000333e-02,9.046099999999999974e-02,3.050410000000000066e-01,-1.778299999999999881e-01,-1.243700000000000014e-02,-1.049699999999999939e-01,-4.323300000000000060e-02,-2.105559999999999932e-01,2.764349999999999863e-01,-1.717339999999999978e-01,5.529599999999999793e-02,-2.297400000000000136e-02,0.000000000000000000e+00,0.000000000000000000e+00,-4.049909999999999899e-01,-1.277560000000000084e-01,-4.056719999999999771e-01,-3.950730000000000075e-01,1.118900000000000033e-01,-2.087219999999999909e-01,-2.336610000000000076e-01,3.954200000000000076e-02,-2.621419999999999861e-01,1.690210000000000046e-01,-6.932230000000000336e-01,-1.238319999999999976e-01,-1.705100000000000018e-02,-1.937139999999999973e-01
1.358099999999999932e-02,1.705299999999999871e-02,7.954430000000000112e-01,-2.033833074716312472e-02,3.215257784137732361e-02,-1.732910067942496296e-03,9.992745173691108818e-01,-1.374360000000000026e-01,7.962700000000000333e-02,9.046099999999999974e-02,3.050410000000000066e-01,-1.778299999999999881e-01,-1.243700000000000014e-02,-1.049699999999999939e-01,-4.323300000000000060e-02,-2.105559999999999932e-01,2.764349999999999863e-01,-1.717339999999999978e-01,5.529599999999999793e-02,-1.154000000000000078e-03,0.000000000000000000e+00,0.000000000000000000e+00,-3.635909999999999975e-01,-1.081040000000000056e-01,-4.219010000000000260e-01,-4.007560000000000011e-01,1.091680000000000011e-01,-2.061439999999999939e-01,-2.376929999999999876e-01,1.174869999999999942e-01,-2.672689999999999788e-01,1.736270000000000036e-01,-6.789730000000000487e-01,-1.159850000000000048e-01,-2.379500000000000018e-02,-2.176069999999999949e-01
1.358099999999999932e-02,1.705299999999999871e-02,7.954430000000000112e-01,-2.033833074716312472e-02,3.215257784137732361e-02,-1.732910067942496296e-03,9.992745173691108818e-01,-1.374360000000000026e-01,7.962700000000000333e-02,9.046099999999999974e-02,3.050410000000000066e-01,-1.778299999999999881e-01,-1.243700000000000014e-02,-1.049699999999999939e-01,-4.323300000000000060e-02,-2.105559999999999932e-01,2.764349999999999863e-01,-1.717339999999999978e-01,5.529599999999999793e-02,1.594900000000000137e-02,0.000000000000000000e+00,0.000000000000000000e+00,-3.300520000000000120e-01,-8.163299999999999723e-02,-4.326980000000000270e-01,-4.051899999999999946e-01,9.750899999999999845e-02,-1.992649999999999977e-01,-2.402680000000000093e-01,1.724110000000000087e-01,-2.663139999999999952e-01,1.946090000000000042e-01,-6.600160000000000471e-01,-1.008730000000000043e-01,-3.508300000000000307e-02,-2.426149999999999973e-01
1.358099999999999932e-02,1.705299999999999871e-02,7.954430000000000112e-01,-2.033833074716312472e-02,3.215257784137732361e-02,-1.732910067942496296e-03,9.992745173691108818e-01,-1.374360000000000026e-01,7.962700000000000333e-02,9.046099999999999974e-02,3.050410000000000066e-01,-1.778299999999999881e-01,-1.243700000000000014e-02,-1.049699999999999939e-01,-4.323300000000000060e-02,-2.105559999999999932e-01,2.764349999999999863e-01,-1.717339999999999978e-01,5.529599999999999793e-02,2.499499999999999986e-02,0.000000000000000000e+00,0.000000000000000000e+00,-3.018390000000000239e-01,-4.724699999999999733e-02,-4.327340000000000075e-01,-4.123209999999999931e-01,9.324999999999999956e-02,-1.870159999999999878e-01,-2.398180000000000034e-01,1.965719999999999967e-01,-2.629569999999999963e-01,2.293840000000000046e-01,-6.395979999999999999e-01,-8.569100000000000328e-02,-5.353700000000000125e-02,-2.603590000000000071e-01
1.358099999999999932e-02,1.705299999999999871e-02,7.954430000000000112e-01,-2.033833074716312472e-02,3.215257784137732361e-02,-1.732910067942496296e-03,9.992745173691108818e-01,-1.374360000000000026e-01,7.962700000000000333e-02,9.046099999999999974e-02,3.050410000000000066e-01,-1.778299999999999881e-01,-1.243700000000000014e-02,-1.049699999999999939e-01,-4.323300000000000060e-02,-2.105559999999999932e-01,2.764349999999999863e-01,-1.717339999999999978e-01,5.529599999999999793e-02,2.158500000000000002e-02,0.000000000000000000e+00,0.000000000000000000e+00,-2.814050000000000162e-01,-1.404399999999999919e-02,-4.212839999999999918e-01,-4.246559999999999779e-01,1.038440000000000057e-01,-1.780269999999999908e-01,-2.343679999999999930e-01,1.954100000000000004e-01,-2.580459999999999976e-01,2.648849999999999816e-01,-6.227030000000000065e-01,-9.151800000000000213e-02,-7.935899999999999899e-02,-2.726469999999999727e-01
1.358099999999999932e-02,1.705299999999999871e-02,7.954430000000000112e-01,-2.033833074716312472e-02,3.215257784137732361e-02,-1.732910067942496296e-03,9.992745173691108818e-01,-1.374360000000000026e-01,7.962700000000000333e-02,9.046099999999999974e-02,3.050410000000000066e-01,-1.778299999999999881e-01,-1.243700000000000014e-02,-1.049699999999999939e-01,-4.323300000000000060e-02,-2.105559999999999932e-01,2.764349999999999863e-01,-1.717339999999999978e-01,5.529599999999999793e-02,1.359699999999999971e-02,0.000000000000000000e+00,0.000000000000000000e+00,-2.693050000000000166e-01,8.855999999999999289e-03,-4.065830000000000277e-01,-4.367800000000000016e-01,1.163919999999999955e-01,-1.745740000000000069e-01,-2.302329999999999932e-01,1.809959999999999902e-01,-2.532030000000000114e-01,2.912810000000000121e-01,-6.117700000000000360e-01,-1.138399999999999967e-01,-1.048489999999999978e-01,-2.826239999999999863e-01
1.358099999999999932e-02,1.705299999999999871e-02,7.954430000000000112e-01,-2.033833074716312472e-02,3.215257784137732361e-02,-1.732910067942496296e-03,9.992745173691108818e-01,-1.374360000000000026e-01,7.962700000000000333e-02,9.046099999999999974e-02,3.050410000000000066e-01,-1.778299999999999881e-01,-1.243700000000000014e-02,-1.049699999999999939e-01,-4.323300000000000060e-02,-2.105559999999999932e-01,2.764349999999999863e-01,-1.717339999999999978e-01,5.529599999999999793e-02,2.965999999999999887e-03,0.000000000000000000e+00,0.000000000000000000e+00,-2.669889999999999763e-01,1.777000000000000107e-02,-3.849409999999999776e-01,-4.438099999999999823e-01,1.353090000000000126e-01,-1.684960000000000069e-01,-2.203469999999999873e-01,1.604269999999999863e-01,-2.438339999999999952e-01,3.167389999999999928e-01,-6.001809999999999645e-01,-1.262250000000000039e-01,-1.179319999999999952e-01,-2.923959999999999892e-01
1.358099999999999932e-02,1.705299999999999871e-02,7.954430000000000112e-01,-2.033833074716312472e-02,3.215257784137732361e-02,-1.732910067942496296e-03,9.992745173691108818e-01,-1.374360000000000026e-01,7.962700000000000333e-02,9.046099999999999974e-02,3.050410000000000066e-01,-1.778299999999999881e-01,-1.243700000000000014e-02,-1.049699999999999939e-01,-4.323300000000000060e-02,-2.105559999999999932e-01,2.764349999999999863e-01,-1.717339999999999978e-01,5.529599999999999793e-02,-3.187000000000000163e-03,0.000000000000000000e+00,0.000000000000000000e+00,-2.652950000000000030e-01,1.448499999999999961e-02,-3.635709999999999775e-01,-4.520210000000000061e-01,1.735629999999999951e-01,-1.608360000000000067e-01,-2.028339999999999865e-01,1.410770000000000080e-01,-2.366060000000000108e-01,3.311859999999999804e-01,-5.833700000000000552e-01,-1.325359999999999872e-01,-1.271390000000000020e-01,-2.912339999999999929e-01
1.358099999999999932e-02,1.705299999999999871e-02,7.954430000000000112e-01,-2.033833074716312472e-02,3.215257784137732361e-02,-1.732910067942496296e-03,9.992745173691108818e-01,-1.374360000000000026e-01,7.962700000000000333e-02,9.046099999999999974e-02,3.050410000000000066e-01,-1.778299999999999881e-01,-1.243700000000000014e-02,-1.049699999999999939e-01,-4.323300000000000060e-02,-2.105559999999999932e-01,2.764349999999999863e-01,-1.717339999999999978e-01,5.529599999999999793e-02,-6.654000000000000192e-03,0.000000000000000000e+00,0.000000000000000000e+00,-2.686899999999999844e-01,3.629999999999999980e-03,-3.476620000000000266e-01,-4.547689999999999788e-01,2.208019999999999983e-01,-1.542749999999999955e-01,-1.820070000000000021e-01,1.255890000000000062e-01,-2.342799999999999883e-01,3.387830000000000008e-01,-5.744320000000000537e-01,-1.450539999999999885e-01,-1.331110000000000071e-01,-2.896560000000000246e-01
1.358099999999999932e-02,1.705299999999999871e-02,7.954430000000000112e-01,-2.033833074716312472e-02,3.215257784137732361e-02,-1.732910067942496296e-03,9.992745173691108818e-01,-1.374360000000000026e-01,7.962700000000000333e-02,9.046099999999999974e-02,3.050410000000000066e-01,-1.778299999999999881e-01,-1.243700000000000014e-02,-1.049699999999999939e-01,-4.323300000000000060e-02,-2.105559999999999932e-01,2.764349999999999863e-01,-1.717339999999999978e-01,5.529599999999999793e-02,-3.801999999999999824e-03,0.000000000000000000e+00,0.000000000000000000e+00,-2.646700000000000164e-01,-1.325999999999999922e-02,-3.388390000000000013e-01,-4.550939999999999985e-01,2.657180000000000097e-01,-1.500809999999999922e-01,-1.472380000000000078e-01,1.129300000000000026e-01,-2.430390000000000050e-01,3.447819999999999774e-01,-5.682399999999999674e-01,-1.575689999999999868e-01,-1.305000000000000049e-01,-2.832029999999999825e-01
