8.512070000000000469e-01,-4.651399999999999979e-01,7.708369999999999944e-01,-3.201320131648129758e-02,5.934913078439801523e-03,7.086138791727822905e-01,-7.048448779638843975e-01,-2.136800000000000088e-01,1.945840000000000070e-01,9.398299999999999710e-02,7.211130000000000040e-01,-1.722680000000000045e-01,-2.520160000000000178e-01,-2.492310000000000081e-01,-2.145160000000000122e-01,-9.133999999999999758e-03,6.006249999999999645e-01,-3.428510000000000169e-01,1.476119999999999932e-01,-1.947099999999999873e-02,0.000000000000000000e+00,0.000000000000000000e+00,-9.538539999999999797e-01,1.054043999999999981e+00,-6.251830000000000442e-01,1.462620000000000031e-01,5.463360000000000438e-01,-2.947060000000000235e-01,1.616460000000000119e-01,-7.985379999999999701e-01,-7.610320000000000418e-01,2.764260000000000050e-01,-5.750500000000000056e-02,-8.461140000000000327e-01,-9.646499999999999519e-02,-1.103299999999999940e-02
8.558599999999999541e-01,-4.661310000000000175e-01,7.706129999999999924e-01,-3.228494497015862302e-02,5.974520778977455981e-03,7.026496024031119170e-01,-7.107781114190870886e-01,-3.043810000000000127e-01,1.644710000000000061e-01,5.440500000000000197e-02,8.553279999999999772e-01,-1.210790000000000061e-01,-2.521349999999999980e-01,-2.549120000000000275e-01,-2.269180000000000086e-01,-1.118199999999999923e-02,6.186869999999999870e-01,-3.446989999999999776e-01,1.589099999999999957e-01,-2.528100000000000139e-02,0.000000000000000000e+00,0.000000000000000000e+00,-7.254690000000000305e-01,9.024529999999999497e-01,-5.464769999999999905e-01,6.003000000000000003e-02,4.564380000000000104e-01,-2.903990000000000182e-01,2.205320000000000058e-01,-6.178190000000000071e-01,-6.067970000000000308e-01,2.671580000000000066e-01,-1.231639999999999957e-01,-8.293490000000000029e-01,-1.415440000000000031e-01,-1.165989999999999943e-01
8.617310000000000247e-01,-4.677250000000000019e-01,7.681710000000000482e-01,-3.093181305302738701e-02,4.724955042220247564e-03,6.939529788502389884e-01,-7.193400870839754546e-01,-3.789040000000000186e-01,1.376749999999999918e-01,1.444999999999999930e-02,9.496470000000000189e-01,-1.041890000000000038e-01,-2.521479999999999833e-01,-2.585009999999999808e-01,-2.424400000000000166e-01,-2.091700000000000156e-02,6.415739999999999776e-01,-3.562620000000000231e-01,1.722779999999999867e-01,-3.681500000000000050e-02,0.000000000000000000e+00,0.000000000000000000e+00,-5.366360000000000019e-01,7.261990000000000389e-01,-5.082630000000000203e-01,-2.774300000000000030e-02,3.825339999999999852e-01,-3.026170000000000249e-01,2.390319999999999945e-01,-4.634679999999999911e-01,-4.435859999999999803e-01,2.907210000000000072e-01,-1.707150000000000056e-01,-7.916450000000000431e-01,-1.968090000000000117e-01,-2.103770000000000084e-01
8.686260000000000092e-01,-4.698439999999999839e-01,7.647869999999999946e-01,-3.085217666486463409e-02,2.872534881936229280e-03,6.875017897227230224e-01,-7.255213166175371597e-01,-4.310419999999999807e-01,1.505380000000000051e-01,-1.317600000000000021e-02,9.711689999999999490e-01,-1.146540000000000059e-01,-2.521439999999999793e-01,-2.677689999999999793e-01,-2.601379999999999804e-01,-2.754799999999999957e-02,6.683339999999999836e-01,-3.698110000000000008e-01,1.873950000000000060e-01,-4.783899999999999958e-02,0.000000000000000000e+00,0.000000000000000000e+00,-4.065150000000000152e-01,5.610100000000000087e-01,-5.098399999999999599e-01,-1.066160000000000024e-01,3.424719999999999986e-01,-3.201860000000000261e-01,2.463539999999999897e-01,-3.507410000000000250e-01,-2.962460000000000093e-01,3.444590000000000152e-01,-1.983669999999999878e-01,-7.451740000000000030e-01,-2.595810000000000062e-01,-2.742999999999999883e-01
8.763910000000000311e-01,-4.723950000000000093e-01,7.608260000000000023e-01,-3.105240088798935302e-02,5.455618109728473239e-04,6.849914084191036645e-01,-7.278888796742363221e-01,-4.640389999999999793e-01,2.387710000000000110e-01,-1.425300000000000004e-02,9.196309999999999762e-01,-1.178590000000000054e-01,-2.520439999999999903e-01,-2.842169999999999974e-01,-2.741480000000000028e-01,-2.410100000000000089e-02,7.022479999999999833e-01,-3.815990000000000215e-01,2.019559999999999966e-01,-4.925000000000000211e-02,0.000000000000000000e+00,0.000000000000000000e+00,-3.366520000000000068e-01,4.005960000000000076e-01,-5.435759999999999481e-01,-1.657619999999999927e-01,2.671890000000000098e-01,-3.128290000000000237e-01,2.763030000000000208e-01,-2.813840000000000230e-01,-1.746520000000000017e-01,3.925919999999999965e-01,-2.218650000000000067e-01,-7.357799999999999896e-01,-3.163830000000000253e-01,-3.711149999999999727e-01
8.856129999999999836e-01,-4.756130000000000080e-01,7.574170000000000069e-01,-3.036934230664602163e-02,-2.914302554189348617e-03,6.848502042173121307e-01,-7.280449214656953272e-01,-4.802400000000000002e-01,3.517339999999999911e-01,9.867000000000000770e-03,8.119969999999999688e-01,-9.945600000000000274e-02,-2.498350000000000015e-01,-3.049499999999999988e-01,-2.843049999999999744e-01,-1.252099999999999914e-02,7.464769999999999461e-01,-3.921220000000000261e-01,2.187510000000000010e-01,-3.896899999999999670e-02,0.000000000000000000e+00,0.000000000000000000e+00,-2.954689999999999817e-01,2.821020000000000194e-01,-5.741849999999999454e-01,-2.214899999999999924e-01,1.918310000000000015e-01,-3.132199999999999984e-01,3.948999999999999733e-01,-2.335500000000000076e-01,-6.509399999999999908e-02,4.218459999999999988e-01,-2.541140000000000065e-01,-7.078839999999999577e-01,-3.366709999999999980e-01,-5.318589999999999707e-01
8.966969999999999663e-01,-4.794030000000000236e-01,7.509169999999999456e-01,-2.706378809797911275e-02,-6.000088398912619726e-03,6.847443555383879721e-01,-7.282559425581850432e-01,-4.793939999999999868e-01,4.320740000000000136e-01,6.675699999999999690e-02,6.818769999999999554e-01,-3.427600000000000091e-02,-2.015530000000000099e-01,-3.169250000000000123e-01,-2.907739999999999769e-01,1.632999999999999903e-03,7.855259999999999465e-01,-4.014519999999999755e-01,2.387660000000000060e-01,-2.486100000000000115e-02,0.000000000000000000e+00,0.000000000000000000e+00,-3.177989999999999982e-01,2.254299999999999915e-01,-5.826559999999999517e-01,-2.648229999999999751e-01,2.056020000000000070e-01,-3.231629999999999781e-01,5.004480000000000040e-01,-2.338880000000000126e-01,-6.680000000000000174e-03,4.319959999999999911e-01,-2.959959999999999813e-01,-7.173939999999999761e-01,-3.472080000000000166e-01,-6.458979999999999722e-01
9.103649999999999798e-01,-4.837919999999999998e-01,7.416040000000000409e-01,-2.154306325564087077e-02,-6.664782963209910441e-03,6.861086218881305987e-01,-7.271495279957121971e-01,-4.654710000000000236e-01,4.443969999999999865e-01,8.390000000000000235e-02,5.923749999999999849e-01,5.537600000000000161e-02,-2.445050000000000001e-01,-3.112860000000000071e-01,-2.985249999999999848e-01,1.376299999999999919e-02,8.045700000000000074e-01,-4.150110000000000188e-01,2.505879999999999774e-01,-1.002300000000000066e-02,0.000000000000000000e+00,0.000000000000000000e+00,-3.779830000000000134e-01,1.985850000000000115e-01,-5.811349999999999572e-01,-2.961550000000000016e-01,2.428349999999999953e-01,-3.571920000000000095e-01,5.595369999999999511e-01,-2.829169999999999741e-01,4.072000000000000099e-03,4.249169999999999892e-01,-3.452479999999999993e-01,-7.587890000000000468e-01,-3.665370000000000017e-01,-6.850810000000000510e-01
9.273879999999999901e-01,-4.877310000000000256e-01,7.365369999999999973e-01,-1.372454429555337863e-02,-5.946339629872686265e-03,6.894309709480401782e-01,-7.241969443642579662e-01,-4.504679999999999795e-01,4.365809999999999969e-01,9.326099999999999668e-02,6.120719999999999494e-01,-2.300599999999999867e-02,-2.517860000000000098e-01,-2.936170000000000169e-01,-3.080340000000000300e-01,1.864100000000000132e-02,8.053329999999999655e-01,-4.285390000000000033e-01,2.520109999999999850e-01,-9.049999999999999885e-04,0.000000000000000000e+00,0.000000000000000000e+00,-4.591839999999999811e-01,1.825209999999999888e-01,-5.753920000000000146e-01,-3.167249999999999788e-01,2.518659999999999788e-01,-3.856899999999999773e-01,5.917850000000000055e-01,-3.695680000000000076e-01,-5.150000000000000064e-03,4.124430000000000041e-01,-3.844719999999999804e-01,-7.747610000000000330e-01,-3.987200000000000188e-01,-6.932700000000000529e-01
9.470779999999999754e-01,-4.923710000000000031e-01,7.316439999999999610e-01,-6.788005280214060889e-03,-3.347233142944258232e-03,6.962195765253054169e-01,-7.177889803260611989e-01,-4.397300000000000098e-01,4.422960000000000225e-01,1.247550000000000048e-01,6.732829999999999648e-01,-1.265989999999999893e-01,-2.519449999999999745e-01,-2.723970000000000002e-01,-3.182129999999999681e-01,3.550099999999999784e-02,7.882460000000000022e-01,-4.192730000000000068e-01,2.520950000000000135e-01,3.099999999999999891e-03,0.000000000000000000e+00,0.000000000000000000e+00,-5.320350000000000357e-01,1.809429999999999927e-01,-5.680579999999999519e-01,-3.318039999999999878e-01,2.252439999999999998e-01,-4.000900000000000012e-01,6.110590000000000188e-01,-4.685559999999999725e-01,-1.753199999999999897e-02,4.043640000000000012e-01,-4.054459999999999731e-01,-7.549970000000000292e-01,-4.237960000000000060e-01,-6.763970000000000260e-01
9.690760000000000485e-01,-4.972849999999999770e-01,7.310699999999999976e-01,-3.260710477626472224e-03,4.546124971882092402e-04,7.063897578626979756e-01,-7.078154216187562131e-01,-4.411700000000000066e-01,4.517359999999999709e-01,1.599889999999999923e-01,7.561219999999999608e-01,-1.780069999999999986e-01,-2.486379999999999979e-01,-2.575520000000000032e-01,-3.371510000000000340e-01,6.148200000000000193e-02,7.601259999999999684e-01,-3.720849999999999991e-01,2.520939999999999848e-01,7.514999999999999979e-03,0.000000000000000000e+00,0.000000000000000000e+00,-6.085409999999999986e-01,1.881839999999999902e-01,-5.523510000000000364e-01,-3.451179999999999803e-01,2.019430000000000114e-01,-3.988300000000000178e-01,6.016010000000000524e-01,-5.766869999999999497e-01,-3.101100000000000037e-02,3.911810000000000009e-01,-4.064940000000000220e-01,-7.175439999999999596e-01,-4.320709999999999829e-01,-6.477479999999999905e-01
9.950799999999999645e-01,-5.022940000000000182e-01,7.359539999999999971e-01,-3.940799759927570561e-03,6.732061718968232293e-03,7.150178485052108845e-01,-6.990626765614392779e-01,-4.381920000000000259e-01,4.313400000000000012e-01,1.971310000000000007e-01,8.209429999999999783e-01,-1.976370000000000071e-01,-2.059020000000000017e-01,-2.500979999999999870e-01,-3.757590000000000097e-01,9.105199999999999405e-02,7.282600000000000184e-01,-2.830070000000000086e-01,2.519069999999999920e-01,1.097500000000000038e-02,0.000000000000000000e+00,0.000000000000000000e+00,-6.828990000000000338e-01,1.983729999999999938e-01,-5.132109999999999728e-01,-3.537640000000000229e-01,2.194989999999999997e-01,-3.833480000000000221e-01,5.750720000000000276e-01,-6.762359999999999483e-01,-4.379399999999999959e-02,3.764500000000000068e-01,-3.909779999999999922e-01,-6.672860000000000458e-01,-4.297150000000000136e-01,-6.186380000000000212e-01
1.023736999999999897e+00,-5.070040000000000102e-01,7.418810000000000127e-01,-7.060454298735620304e-03,1.190906518643658485e-02,7.214018797673966699e-01,-6.923782579049887476e-01,-4.147049999999999903e-01,3.853790000000000271e-01,2.352950000000000041e-01,8.343089999999999673e-01,-2.158190000000000108e-01,-1.678739999999999954e-01,-2.678829999999999822e-01,-4.361209999999999809e-01,9.433500000000000218e-02,7.120210000000000150e-01,-1.424519999999999953e-01,2.473930000000000018e-01,1.199199999999999919e-02,0.000000000000000000e+00,0.000000000000000000e+00,-7.568690000000000140e-01,2.028339999999999865e-01,-4.702120000000000188e-01,-3.532359999999999944e-01,2.456220000000000070e-01,-3.585820000000000118e-01,5.553270000000000151e-01,-7.637359999999999705e-01,-5.777399999999999897e-02,3.518260000000000276e-01,-3.734460000000000002e-01,-6.298949999999999827e-01,-4.233390000000000208e-01,-6.033600000000000074e-01
1.052110000000000101e+00,-5.108700000000000463e-01,7.502379999999999605e-01,-1.122634197585710772e-02,1.640873136552551889e-02,7.314687084631545932e-01,-6.815851020379330993e-01,-3.722369999999999846e-01,3.363450000000000051e-01,2.829840000000000133e-01,8.101359999999999673e-01,-2.321350000000000080e-01,-1.464910000000000101e-01,-3.082759999999999945e-01,-5.286100000000000243e-01,-3.390800000000000064e-02,7.172460000000000502e-01,-1.090299999999999950e-02,1.812239999999999962e-01,1.567500000000000143e-02,0.000000000000000000e+00,0.000000000000000000e+00,-8.095020000000000548e-01,2.050659999999999983e-01,-4.221579999999999777e-01,-3.605169999999999764e-01,2.994809999999999972e-01,-3.416290000000000160e-01,5.686430000000000096e-01,-8.343850000000000433e-01,-5.745399999999999813e-02,3.362789999999999946e-01,-3.557679999999999731e-01,-6.028010000000000312e-01,-4.306550000000000100e-01,-5.978099999999999525e-01
1.078913000000000011e+00,-5.134689999999999532e-01,7.557390000000000496e-01,-1.631171533461677620e-02,2.022234979258293389e-02,7.382337254334035981e-01,-6.740444726755251414e-01,-3.579510000000000192e-01,2.961269999999999736e-01,3.213250000000000273e-01,8.109490000000000309e-01,-2.228739999999999888e-01,-1.489820000000000033e-01,-3.532009999999999872e-01,-5.649679999999999147e-01,-1.615610000000000102e-01,7.767739999999999645e-01,-2.708299999999999944e-02,9.434599999999999931e-02,1.442300000000000006e-02,0.000000000000000000e+00,0.000000000000000000e+00,-8.665500000000000425e-01,2.176200000000000079e-01,-3.831169999999999853e-01,-3.805850000000000066e-01,3.587699999999999778e-01,-3.371129999999999960e-01,6.134929999999999550e-01,-9.052519999999999456e-01,-5.441800000000000109e-02,3.353010000000000157e-01,-3.452580000000000093e-01,-5.852230000000000487e-01,-4.424370000000000247e-01,-5.971060000000000256e-01
1.104254999999999987e+00,-5.150829999999999576e-01,7.587859999999999605e-01,-2.023880608346615914e-02,2.171420942650396924e-02,7.368882298941511477e-01,-6.753625844542785472e-01,-3.957459999999999867e-01,2.622589999999999644e-01,3.177679999999999949e-01,8.678529999999999855e-01,-1.637909999999999922e-01,-2.062410000000000077e-01,-4.312199999999999922e-01,-4.511809999999999987e-01,-1.147740000000000010e-01,9.046250000000000124e-01,-1.324029999999999929e-01,1.475829999999999920e-01,3.609999999999999928e-03,0.000000000000000000e+00,0.000000000000000000e+00,-9.449739999999999807e-01,2.465600000000000014e-01,-3.843670000000000142e-01,-4.000879999999999992e-01,3.974219999999999975e-01,-3.546940000000000093e-01,6.620850000000000346e-01,-9.675110000000000099e-01,-6.308500000000000218e-02,3.252380000000000271e-01,-3.647320000000000007e-01,-6.391869999999999497e-01,-4.692029999999999812e-01,-6.241999999999999771e-01
1.129059000000000035e+00,-5.167760000000000131e-01,7.594950000000000312e-01,-2.304368147808629266e-02,2.161646355364935101e-02,7.308550554312480685e-01,-6.818010011711318485e-01,-4.838509999999999756e-01,2.178430000000000089e-01,3.191620000000000013e-01,9.742560000000000109e-01,-7.240499999999999714e-02,-2.501140000000000030e-01,-4.895349999999999979e-01,-3.347849999999999993e-01,-1.257079999999999864e-01,9.923490000000000366e-01,-2.170020000000000004e-01,2.381590000000000096e-01,-9.022000000000000505e-03,0.000000000000000000e+00,0.000000000000000000e+00,-1.022529999999999939e+00,2.762439999999999896e-01,-3.878980000000000206e-01,-4.240729999999999777e-01,4.504349999999999743e-01,-3.915139999999999731e-01,6.919790000000000108e-01,-1.015827000000000035e+00,-6.687500000000000389e-02,3.165789999999999993e-01,-4.025580000000000269e-01,-7.042249999999999899e-01,-4.792259999999999853e-01,-6.519190000000000262e-01
1.154064999999999896e+00,-5.197030000000000260e-01,7.529390000000000249e-01,-1.860650131149203107e-02,1.800692558578218319e-02,7.159014220563322262e-01,-6.977210779656973783e-01,-5.715369999999999617e-01,1.487499999999999933e-01,3.002369999999999761e-01,1.075342999999999938e+00,-1.798699999999999952e-02,-2.520830000000000015e-01,-4.742990000000000261e-01,-3.832539999999999836e-01,-2.750179999999999847e-01,1.000901000000000041e+00,-2.637680000000000025e-01,1.100819999999999993e-01,-3.261300000000000310e-02,0.000000000000000000e+00,0.000000000000000000e+00,-1.092602999999999991e+00,3.000880000000000214e-01,-4.027180000000000204e-01,-4.415999999999999925e-01,4.796489999999999920e-01,-4.121020000000000238e-01,7.202389999999999626e-01,-1.052815999999999974e+00,-7.610899999999999610e-02,3.122489999999999988e-01,-4.487419999999999742e-01,-7.457930000000000392e-01,-4.857489999999999863e-01,-6.700580000000000425e-01
1.177834999999999965e+00,-5.229730000000000212e-01,7.428029999999999911e-01,-1.519312802141364015e-02,2.298416359285798682e-02,6.996952757510934706e-01,-7.139099510277630012e-01,-5.983309999999999462e-01,1.650189999999999990e-01,2.212590000000000112e-01,1.129593000000000069e+00,-6.170300000000000090e-02,-2.521579999999999933e-01,-4.365829999999999989e-01,-4.276790000000000314e-01,-2.886349999999999749e-01,9.894859999999999767e-01,-3.741599999999999926e-01,9.723999999999999311e-02,-5.960200000000000220e-02,0.000000000000000000e+00,0.000000000000000000e+00,-1.147651999999999894e+00,3.162780000000000036e-01,-4.108189999999999897e-01,-4.512090000000000267e-01,4.996909999999999963e-01,-4.247659999999999769e-01,7.559090000000000531e-01,-1.085082000000000102e+00,-9.131799999999999640e-02,3.093159999999999799e-01,-4.737270000000000092e-01,-7.604710000000000081e-01,-4.852690000000000059e-01,-6.659610000000000252e-01
1.202350999999999948e+00,-5.266800000000000370e-01,7.286960000000000104e-01,-1.101949057276022277e-02,2.890962610554122930e-02,6.924363976843703750e-01,-7.208152603183752838e-01,-5.908919999999999728e-01,3.124239999999999795e-01,1.682190000000000074e-01,1.122835000000000027e+00,-1.089190000000000019e-01,-2.521499999999999853e-01,-4.353380000000000027e-01,-4.604470000000000507e-01,-2.342789999999999873e-01,1.018329999999999957e+00,-4.459080000000000266e-01,1.576859999999999928e-01,-7.408299999999999608e-02,0.000000000000000000e+00,0.000000000000000000e+00,-1.175194999999999990e+00,3.184489999999999821e-01,-4.079030000000000156e-01,-4.539799999999999947e-01,5.185089999999999977e-01,-4.230780000000000096e-01,7.736539999999999528e-01,-1.125931000000000015e+00,-1.014380000000000004e-01,2.978180000000000271e-01,-4.811190000000000189e-01,-7.447730000000000183e-01,-4.832509999999999861e-01,-6.432269999999999932e-01
1.228618999999999906e+00,-5.302219999999999711e-01,7.155080000000000329e-01,-7.727335198072878518e-03,2.956121340483666357e-02,6.984274630807535411e-01,-7.150283223532849508e-01,-5.715440000000000520e-01,4.669629999999999614e-01,1.112370000000000025e-01,1.052913999999999906e+00,-8.554299999999999404e-02,-2.521200000000000108e-01,-4.803540000000000032e-01,-5.126450000000000173e-01,-1.977510000000000101e-01,1.084170000000000078e+00,-4.314930000000000154e-01,1.912750000000000006e-01,-6.819799999999999474e-02,0.000000000000000000e+00,0.000000000000000000e+00,-1.203302000000000094e+00,3.345270000000000188e-01,-4.076009999999999911e-01,-4.567899999999999738e-01,5.290059999999999762e-01,-4.166980000000000128e-01,7.847619999999999596e-01,-1.163296000000000108e+00,-1.118669999999999942e-01,2.893379999999999841e-01,-4.777069999999999927e-01,-7.209879999999999622e-01,-4.807190000000000074e-01,-6.233490000000000419e-01
1.257333000000000034e+00,-5.340570000000000039e-01,7.035989999999999744e-01,-6.867678226512389031e-03,2.690830662905231707e-02,7.099818173922866071e-01,-7.036722227020758558e-01,-5.455210000000000337e-01,5.820929999999999715e-01,4.615699999999999664e-02,9.411509999999999598e-01,-3.562000000000000062e-03,-2.516340000000000243e-01,-5.311190000000000078e-01,-5.391850000000000254e-01,-1.358949999999999880e-01,1.121914999999999996e+00,-4.132350000000000190e-01,2.332950000000000024e-01,-5.271300000000000291e-02,0.000000000000000000e+00,0.000000000000000000e+00,-1.233929000000000054e+00,3.577139999999999764e-01,-4.108700000000000130e-01,-4.636640000000000206e-01,5.316899999999999959e-01,-4.110320000000000085e-01,7.937859999999999916e-01,-1.199680000000000080e+00,-1.245639999999999942e-01,2.859079999999999955e-01,-4.785479999999999734e-01,-7.073899999999999633e-01,-4.830559999999999854e-01,-6.179069999999999840e-01
1.288724999999999898e+00,-5.379260000000000153e-01,6.948199999999999932e-01,-4.845014580556541127e-03,2.277627022088196673e-02,7.230557400248027733e-01,-6.903971061394481579e-01,-5.131350000000000078e-01,6.619779999999999553e-01,-1.245000000000000013e-03,8.316059999999999564e-01,6.745700000000000307e-02,-2.405680000000000041e-01,-5.581570000000000142e-01,-5.452240000000000419e-01,-8.348300000000000165e-02,1.116381000000000068e+00,-4.102569999999999828e-01,2.512510000000000021e-01,-3.336900000000000283e-02,0.000000000000000000e+00,0.000000000000000000e+00,-1.267473000000000072e+00,3.814429999999999765e-01,-4.203520000000000034e-01,-4.652069999999999816e-01,5.269519999999999760e-01,-4.099189999999999778e-01,8.029539999999999456e-01,-1.223116000000000092e+00,-1.348199999999999954e-01,2.758499999999999841e-01,-4.821400000000000130e-01,-7.099870000000000347e-01,-4.819599999999999995e-01,-6.281910000000000549e-01
1.324256000000000100e+00,-5.412719999999999754e-01,6.906959999999999766e-01,-4.822034197506989278e-03,2.140960819910875737e-02,7.348686182573039849e-01,-6.778543284243006006e-01,-4.758859999999999757e-01,6.884510000000000352e-01,1.914700000000000082e-02,7.737690000000000401e-01,1.159270000000000023e-01,-2.110750000000000126e-01,-5.616090000000000249e-01,-5.595069999999999766e-01,-5.119300000000000239e-02,1.063180000000000014e+00,-3.902100000000000013e-01,2.520839999999999748e-01,-1.857699999999999976e-02,0.000000000000000000e+00,0.000000000000000000e+00,-1.290651999999999910e+00,4.000230000000000175e-01,-4.267329999999999735e-01,-4.610799999999999899e-01,5.284119999999999928e-01,-4.059220000000000050e-01,8.153780000000000472e-01,-1.232296999999999976e+00,-1.413629999999999887e-01,2.771069999999999922e-01,-4.784439999999999804e-01,-6.853240000000000443e-01,-4.813500000000000001e-01,-6.271809999999999885e-01
1.365204000000000084e+00,-5.437619999999999676e-01,6.900560000000000027e-01,-9.692865614007039818e-03,2.575278533978290346e-02,7.390289310545008483e-01,-6.731114925982722985e-01,-4.286139999999999950e-01,6.775590000000000224e-01,1.700689999999999980e-01,7.823390000000000066e-01,7.808700000000000363e-02,-2.503110000000000057e-01,-5.402860000000000440e-01,-5.978519999999999390e-01,-2.391799999999999829e-02,9.591629999999999878e-01,-3.086329999999999907e-01,2.520490000000000230e-01,-1.549299999999999983e-02,0.000000000000000000e+00,0.000000000000000000e+00,-1.301136000000000070e+00,4.003360000000000252e-01,-4.263790000000000080e-01,-4.559599999999999764e-01,5.453010000000000357e-01,-4.017169999999999908e-01,8.382579999999999476e-01,-1.236224999999999907e+00,-1.574230000000000074e-01,2.774340000000000139e-01,-4.752179999999999738e-01,-6.674010000000000220e-01,-4.806900000000000062e-01,-6.204269999999999508e-01
1.410201000000000038e+00,-5.466119999999999868e-01,6.962749999999999773e-01,-2.026733931092382368e-02,3.272796844443846831e-02,7.385014611225105829e-01,-6.731520682272860157e-01,-3.571819999999999995e-01,6.616269999999999651e-01,3.804460000000000064e-01,7.988060000000000160e-01,-1.186659999999999937e-01,-2.516740000000000088e-01,-4.831210000000000226e-01,-6.597750000000000004e-01,-1.288399999999999962e-02,7.867370000000000196e-01,-1.604659999999999975e-01,2.507019999999999804e-01,-1.937699999999999839e-02,0.000000000000000000e+00,0.000000000000000000e+00,-1.293179999999999996e+00,3.846870000000000012e-01,-4.217250000000000165e-01,-4.518639999999999879e-01,5.704989999999999783e-01,-4.073990000000000111e-01,8.655950000000000033e-01,-1.235714999999999897e+00,-1.788170000000000037e-01,2.791890000000000205e-01,-4.738160000000000149e-01,-6.551500000000000101e-01,-4.816739999999999911e-01,-6.183969999999999745e-01
1.456483999999999890e+00,-5.477769999999999584e-01,7.056679999999999620e-01,-3.142304715473522719e-02,4.151032738896209828e-02,7.369683736440039157e-01,-6.739192096060804271e-01,-3.270170000000000021e-01,5.675459999999999949e-01,4.392030000000000101e-01,8.099319999999999853e-01,-2.116780000000000050e-01,-2.512260000000000049e-01,-4.123330000000000051e-01,-7.362809999999999633e-01,8.782999999999999141e-03,6.045639999999999903e-01,2.139100000000000029e-02,2.196009999999999907e-01,-2.578300000000000036e-02,0.000000000000000000e+00,0.000000000000000000e+00,-1.273174999999999946e+00,3.667790000000000217e-01,-4.140719999999999956e-01,-4.459139999999999771e-01,5.904409999999999936e-01,-4.090010000000000034e-01,8.860900000000000443e-01,-1.235556000000000099e+00,-1.971849999999999992e-01,2.889479999999999826e-01,-4.654090000000000171e-01,-6.294870000000000188e-01,-4.745559999999999778e-01,-6.125990000000000046e-01
1.501444999999999919e+00,-5.463310000000000111e-01,7.131950000000000234e-01,-3.949488281471669193e-02,5.066584228704745091e-02,7.332549634212750522e-01,-6.769123172722302240e-01,-3.661670000000000202e-01,4.862489999999999868e-01,4.293359999999999954e-01,8.956990000000000229e-01,-2.195779999999999954e-01,-2.495860000000000023e-01,-4.194479999999999875e-01,-7.339760000000000728e-01,3.042600000000000166e-02,6.375760000000000316e-01,1.201000000000000028e-03,6.663700000000000179e-02,-3.472900000000000292e-02,0.000000000000000000e+00,0.000000000000000000e+00,-1.280778999999999890e+00,3.708569999999999922e-01,-4.043039999999999967e-01,-4.422650000000000192e-01,6.027219999999999800e-01,-4.000070000000000014e-01,9.021820000000000395e-01,-1.260623999999999967e+00,-2.127000000000000002e-01,2.946190000000000198e-01,-4.500660000000000216e-01,-5.969330000000000469e-01,-4.681359999999999966e-01,-6.024300000000000210e-01
1.544378000000000029e+00,-5.421989999999999865e-01,7.191739999999999799e-01,-4.810861089610755231e-02,5.742759536975398232e-02,7.284346168516417919e-01,-6.810070791261253476e-01,-4.414440000000000031e-01,4.225499999999999812e-01,4.202080000000000259e-01,1.002990000000000048e+00,-1.429979999999999862e-01,-2.510499999999999954e-01,-5.010489999999999666e-01,-6.780510000000000703e-01,5.917000000000000037e-02,8.840050000000000407e-01,-1.187160000000000021e-01,9.817499999999999838e-02,-4.313999999999999779e-02,0.000000000000000000e+00,0.000000000000000000e+00,-1.297338000000000102e+00,3.806550000000000211e-01,-3.856899999999999773e-01,-4.388730000000000131e-01,5.981499999999999595e-01,-3.805330000000000101e-01,9.006939999999999946e-01,-1.304297000000000040e+00,-2.186170000000000058e-01,2.988210000000000033e-01,-4.204649999999999777e-01,-5.586969999999999992e-01,-4.641270000000000118e-01,-5.913159999999999528e-01
1.586600999999999928e+00,-5.374560000000000448e-01,7.228820000000000245e-01,-5.464807610918947373e-02,5.843038589214443607e-02,7.222346886214725536e-01,-6.870054820260925732e-01,-5.500589999999999646e-01,3.679560000000000053e-01,4.370089999999999808e-01,1.122185999999999906e+00,-2.825899999999999940e-02,-2.521070000000000255e-01,-5.908349999999999991e-01,-5.534619999999998985e-01,6.455700000000000327e-02,1.170649000000000051e+00,-2.444530000000000036e-01,2.118130000000000013e-01,-5.415799999999999781e-02,0.000000000000000000e+00,0.000000000000000000e+00,-1.318812000000000095e+00,3.862610000000000210e-01,-3.591199999999999948e-01,-4.206750000000000211e-01,5.649859999999999882e-01,-3.473530000000000229e-01,8.948530000000000095e-01,-1.350340000000000096e+00,-2.132070000000000076e-01,2.974769999999999914e-01,-3.713980000000000059e-01,-5.036829999999999918e-01,-4.443550000000000000e-01,-5.666430000000000078e-01
1.628446999999999978e+00,-5.334179999999999477e-01,7.190670000000000117e-01,-5.621388115740916236e-02,5.531697718255117885e-02,7.198567343601264268e-01,-6.896276630160509402e-01,-6.579800000000000093e-01,2.710520000000000151e-01,4.079720000000000013e-01,1.225300000000000056e+00,1.372899999999999988e-02,-2.521619999999999973e-01,-6.682979999999999476e-01,-3.993420000000000303e-01,-4.425400000000000167e-02,1.385620000000000074e+00,-3.254679999999999795e-01,2.491810000000000136e-01,-5.733699999999999908e-02,0.000000000000000000e+00,0.000000000000000000e+00,-1.350017000000000023e+00,3.890879999999999894e-01,-3.368610000000000215e-01,-3.825379999999999892e-01,5.028420000000000112e-01,-2.933919999999999861e-01,8.707749999999999657e-01,-1.400573999999999986e+00,-1.993550000000000044e-01,2.766509999999999803e-01,-3.075089999999999768e-01,-4.440959999999999908e-01,-4.227719999999999811e-01,-5.447109999999999452e-01
1.669189999999999952e+00,-5.302789999999999448e-01,7.095479999999999565e-01,-5.750145187003737751e-02,4.704045676878955418e-02,7.195147493374935976e-01,-6.904920737746562676e-01,-6.826659999999999950e-01,2.401139999999999941e-01,2.918430000000000191e-01,1.243970000000000020e+00,-4.853600000000000275e-02,-2.521579999999999933e-01,-6.962450000000000028e-01,-3.643109999999999959e-01,-1.503950000000000009e-01,1.426830999999999960e+00,-3.728960000000000052e-01,2.275060000000000138e-01,-6.037200000000000205e-02,0.000000000000000000e+00,0.000000000000000000e+00,-1.367973000000000106e+00,3.872419999999999751e-01,-3.157820000000000071e-01,-3.292809999999999904e-01,4.182549999999999879e-01,-2.176710000000000034e-01,8.221330000000000027e-01,-1.432312999999999947e+00,-1.719920000000000060e-01,2.500040000000000040e-01,-2.208739999999999870e-01,-3.585920000000000218e-01,-3.831939999999999791e-01,-5.198580000000000423e-01
1.707154000000000060e+00,-5.271040000000000170e-01,6.936660000000000048e-01,-6.693071228212407742e-02,4.111240261183107814e-02,7.270249084956790231e-01,-6.821032418422738886e-01,-6.478679999999999994e-01,3.917019999999999946e-01,2.036749999999999949e-01,1.183602000000000043e+00,-1.001439999999999969e-01,-2.521479999999999833e-01,-6.669779999999999598e-01,-4.727199999999999736e-01,-3.254119999999999790e-01,1.377254999999999896e+00,-6.014270000000000449e-01,-7.206899999999999418e-02,-4.892699999999999827e-02,0.000000000000000000e+00,0.000000000000000000e+00,-1.367377000000000065e+00,3.663009999999999877e-01,-2.709989999999999899e-01,-2.828289999999999971e-01,3.214290000000000203e-01,-1.317750000000000032e-01,7.879540000000000433e-01,-1.459181999999999979e+00,-1.396699999999999886e-01,2.336590000000000056e-01,-1.283299999999999996e-01,-2.831589999999999940e-01,-3.208159999999999901e-01,-4.690159999999999885e-01
1.741840000000000055e+00,-5.239970000000000461e-01,6.751519999999999744e-01,-7.121947547752006946e-02,3.539096601800412883e-02,7.355769704928063479e-01,-6.727568552736155061e-01,-5.993410000000000126e-01,5.503510000000000346e-01,1.183089999999999975e-01,1.058140000000000081e+00,-6.600699999999999623e-02,-2.521120000000000028e-01,-7.137250000000000538e-01,-4.716980000000000062e-01,-2.692010000000000236e-01,1.380986999999999965e+00,-7.665560000000000151e-01,-1.025510000000000033e-01,-3.339099999999999707e-02,0.000000000000000000e+00,0.000000000000000000e+00,-1.367348999999999926e+00,3.429639999999999911e-01,-2.373719999999999997e-01,-2.288800000000000001e-01,2.304299999999999959e-01,-3.296299999999999925e-02,7.574729999999999519e-01,-1.479468999999999923e+00,-1.144809999999999994e-01,2.108200000000000074e-01,-4.030199999999999755e-02,-2.245399999999999896e-01,-2.465549999999999964e-01,-4.394379999999999953e-01
1.776834000000000024e+00,-5.208159999999999457e-01,6.567859999999999809e-01,-7.251095811216785869e-02,2.944495761173101731e-02,7.410156693865183053e-01,-6.669114882415423384e-01,-5.784049999999999470e-01,5.363580000000000014e-01,-5.427999999999999665e-03,9.262479999999999603e-01,4.911599999999999994e-02,-2.521160000000000068e-01,-8.647540000000000227e-01,-4.912309999999999732e-01,-1.220040000000000013e-01,1.517244999999999955e+00,-6.853789999999999605e-01,-2.532799999999999982e-02,-1.920699999999999838e-02,0.000000000000000000e+00,0.000000000000000000e+00,-1.376373000000000069e+00,3.117610000000000103e-01,-2.166879999999999917e-01,-1.591450000000000087e-01,1.423230000000000051e-01,5.871500000000000330e-02,7.536969999999999503e-01,-1.485932000000000031e+00,-9.918899999999999939e-02,1.814250000000000029e-01,3.792800000000000338e-02,-1.734179999999999888e-01,-1.658580000000000054e-01,-4.080599999999999783e-01
1.811638999999999999e+00,-5.162449999999999539e-01,6.382619999999999960e-01,-7.035070271933671626e-02,1.863547225088708903e-02,7.393761843584999438e-01,-6.693477091948155655e-01,-5.847350000000000048e-01,4.201639999999999819e-01,-1.058560000000000056e-01,9.449089999999999989e-01,-1.547290000000000054e-01,-2.520479999999999943e-01,-1.036820000000000075e+00,-4.885969999999999480e-01,4.964999999999999969e-02,1.649855000000000071e+00,-5.524170000000000469e-01,7.567899999999999627e-02,-2.204499999999999862e-02,0.000000000000000000e+00,0.000000000000000000e+00,-1.390711000000000030e+00,2.612169999999999770e-01,-1.998040000000000094e-01,-5.922100000000000281e-02,5.702399999999999830e-02,1.350139999999999951e-01,7.650339999999999918e-01,-1.484655000000000058e+00,-9.068800000000000472e-02,1.455400000000000027e-01,1.126500000000000001e-01,-1.534109999999999918e-01,-6.897300000000000653e-02,-3.752809999999999757e-01
1.839995999999999965e+00,-5.081160000000000121e-01,6.142069999999999474e-01,-7.538836059898210151e-02,7.631545347827169840e-03,7.352915239395181324e-01,-6.735018406986745809e-01,-6.741570000000000062e-01,4.062990000000000212e-01,-1.066249999999999976e-01,1.061792000000000069e+00,-3.933989999999999987e-01,-2.520240000000000258e-01,-1.171154000000000028e+00,-3.881769999999999943e-01,2.219049999999999911e-01,1.724804999999999922e+00,-5.349369999999999958e-01,1.936219999999999886e-01,-3.173800000000000232e-02,0.000000000000000000e+00,0.000000000000000000e+00,-1.403237000000000068e+00,2.251279999999999948e-01,-1.905270000000000019e-01,5.756399999999999711e-02,6.279999999999999992e-03,2.105640000000000012e-01,7.768439999999999790e-01,-1.470615999999999923e+00,-6.785499999999999865e-02,1.201760000000000050e-01,2.115620000000000001e-01,-1.130940000000000001e-01,-1.779999999999999898e-03,-3.626090000000000146e-01
1.861668000000000101e+00,-4.994020000000000126e-01,5.897719999999999629e-01,-8.480735059544262933e-02,-7.931049232829117876e-03,7.262969707865233326e-01,-6.820832221726086386e-01,-8.111770000000000369e-01,4.013479999999999825e-01,-1.147760000000000030e-01,1.194360000000000088e+00,-5.227349999999999497e-01,-2.520930000000000115e-01,-1.244896999999999920e+00,-3.448490000000000166e-01,2.953919999999999879e-01,1.737397000000000080e+00,-6.013969999999999594e-01,2.296590000000000020e-01,-3.561899999999999789e-02,0.000000000000000000e+00,0.000000000000000000e+00,-1.412020000000000053e+00,1.843829999999999913e-01,-1.877929999999999877e-01,1.810209999999999875e-01,-2.111999999999999988e-02,2.526329999999999965e-01,7.947199999999999820e-01,-1.451686000000000032e+00,-6.008600000000000052e-02,1.009619999999999962e-01,2.985289999999999888e-01,-7.235400000000000165e-02,5.055199999999999971e-02,-3.526239999999999930e-01
1.879210000000000047e+00,-4.915149999999999797e-01,5.644339999999999913e-01,-9.275753239512424253e-02,-2.271329874729736964e-02,7.115338187437272310e-01,-6.961320068980827447e-01,-9.794620000000000548e-01,3.705620000000000025e-01,-1.526399999999999979e-01,1.350184999999999969e+00,-5.421789999999999665e-01,-2.520899999999999808e-01,-1.293641000000000041e+00,-3.747870000000000368e-01,3.183460000000000178e-01,1.748502000000000001e+00,-7.115120000000000333e-01,2.335079999999999933e-01,-4.199399999999999661e-02,0.000000000000000000e+00,0.000000000000000000e+00,-1.403035000000000032e+00,1.290560000000000040e-01,-1.847030000000000061e-01,3.105020000000000002e-01,-4.950500000000000039e-02,2.627689999999999748e-01,8.069429999999999659e-01,-1.412498000000000031e+00,-6.840400000000000647e-02,9.539999999999999869e-02,3.691459999999999742e-01,-3.708499999999999991e-02,1.042700000000000016e-01,-3.362629999999999786e-01
1.892922999999999911e+00,-4.845990000000000020e-01,5.457800000000000429e-01,-9.775444010739404999e-02,-4.083149410449495725e-02,6.982468090421951601e-01,-7.079747539219720665e-01,-1.122019000000000100e+00,3.491230000000000167e-01,-1.864840000000000109e-01,1.455964000000000036e+00,-5.361510000000000442e-01,-2.520999999999999908e-01,-1.357874999999999943e+00,-3.736929999999999974e-01,3.464639999999999942e-01,1.786780999999999953e+00,-6.955440000000000511e-01,2.495279999999999998e-01,-5.343599999999999739e-02,0.000000000000000000e+00,0.000000000000000000e+00,-1.373850000000000016e+00,6.779999999999999916e-02,-1.675879999999999870e-01,4.433819999999999983e-01,-7.215399999999999592e-02,2.747229999999999950e-01,8.239229999999999610e-01,-1.363304999999999989e+00,-6.855700000000000682e-02,9.977300000000000058e-02,4.425399999999999889e-01,-5.360000000000000181e-04,1.525189999999999879e-01,-3.211289999999999978e-01
1.903734000000000037e+00,-4.786259999999999959e-01,5.302259999999999751e-01,-9.885739962586184704e-02,-5.802437883137905733e-02,6.861377076639439965e-01,-7.183839030226897293e-01,-1.236838000000000104e+00,3.217059999999999920e-01,-2.231190000000000118e-01,1.533530999999999977e+00,-5.451420000000000154e-01,-2.521090000000000275e-01,-1.404808000000000057e+00,-3.781769999999999854e-01,3.521969999999999823e-01,1.816637999999999975e+00,-6.853979999999999517e-01,2.519810000000000105e-01,-6.330199999999999716e-02,0.000000000000000000e+00,0.000000000000000000e+00,-1.324764000000000053e+00,6.395999999999999776e-03,-1.401540000000000008e-01,5.665289999999999493e-01,-8.644499999999999407e-02,2.707800000000000207e-01,8.344409999999999883e-01,-1.293115999999999932e+00,-5.549500000000000266e-02,1.070490000000000053e-01,5.083269999999999733e-01,2.248299999999999951e-02,1.929520000000000124e-01,-3.123319999999999985e-01
1.912530000000000063e+00,-4.740519999999999734e-01,5.165399999999999991e-01,-9.867397213126262445e-02,-7.314186182863546826e-02,6.739884920880689911e-01,-7.284594894741441840e-01,-1.333765000000000089e+00,2.890150000000000219e-01,-2.536459999999999826e-01,1.599032999999999927e+00,-5.524219999999999686e-01,-2.521169999999999800e-01,-1.442191999999999918e+00,-4.008780000000000121e-01,3.461839999999999917e-01,1.840336999999999890e+00,-6.991589999999999749e-01,2.521200000000000108e-01,-7.136299999999999588e-02,0.000000000000000000e+00,0.000000000000000000e+00,-1.262073000000000000e+00,-5.151200000000000223e-02,-1.056470000000000048e-01,6.776879999999999571e-01,-9.000700000000000367e-02,2.624400000000000066e-01,8.441020000000000190e-01,-1.203322999999999920e+00,-3.179499999999999688e-02,1.133529999999999954e-01,5.573649999999999993e-01,2.585700000000000151e-02,2.185759999999999925e-01,-3.155390000000000139e-01
1.919750000000000068e+00,-4.708419999999999828e-01,5.048989999999999867e-01,-9.916408126535143641e-02,-8.700844893091312648e-02,6.633432527915302801e-01,-7.365946943722765372e-01,-1.411108000000000029e+00,2.586120000000000085e-01,-2.769170000000000242e-01,1.649564000000000030e+00,-5.623869999999999703e-01,-2.521249999999999880e-01,-1.481883000000000061e+00,-4.250539999999999874e-01,3.423149999999999804e-01,1.863572000000000006e+00,-6.955209999999999448e-01,2.521349999999999980e-01,-7.464200000000000002e-02,0.000000000000000000e+00,0.000000000000000000e+00,-1.185637000000000052e+00,-1.000140000000000057e-01,-7.629500000000000171e-02,7.726009999999999822e-01,-8.144400000000000250e-02,2.525240000000000262e-01,8.461699999999999777e-01,-1.102630999999999917e+00,1.874999999999999931e-03,1.145059999999999967e-01,5.981319999999999970e-01,2.152499999999999900e-02,2.372829999999999939e-01,-3.285839999999999872e-01
1.925894999999999913e+00,-4.685779999999999945e-01,4.943509999999999849e-01,-9.656104334134880951e-02,-9.884466672594179049e-02,6.560891534719007767e-01,-7.419250093272178326e-01,-1.471387000000000000e+00,2.354779999999999929e-01,-2.989490000000000203e-01,1.695162999999999975e+00,-5.787339999999999707e-01,-2.521269999999999900e-01,-1.513646000000000047e+00,-4.471709999999999852e-01,3.367709999999999870e-01,1.884973000000000010e+00,-6.966670000000000362e-01,2.521470000000000100e-01,-7.448899999999999966e-02,0.000000000000000000e+00,0.000000000000000000e+00,-1.099852999999999970e+00,-1.370309999999999861e-01,-5.263600000000000223e-02,8.518010000000000304e-01,-6.612300000000000122e-02,2.517179999999999973e-01,8.449400000000000244e-01,-1.000893999999999950e+00,4.864000000000000268e-02,1.073660000000000031e-01,6.402200000000000113e-01,3.338700000000000001e-02,2.467370000000000119e-01,-3.217860000000000165e-01
1.930874999999999897e+00,-4.672450000000000214e-01,4.855289999999999884e-01,-9.370142350208361670e-02,-1.081413505343137571e-01,6.515513818054954331e-01,-7.449874417771399360e-01,-1.516348999999999947e+00,2.167689999999999895e-01,-3.171209999999999862e-01,1.735921999999999965e+00,-5.933610000000000273e-01,-2.521289999999999920e-01,-1.539520999999999917e+00,-4.634449999999999958e-01,3.324739999999999918e-01,1.903083999999999998e+00,-6.983070000000000110e-01,2.521550000000000180e-01,-7.078399999999999970e-02,0.000000000000000000e+00,0.000000000000000000e+00,-1.014177000000000106e+00,-1.654789999999999872e-01,-3.201199999999999879e-02,9.131799999999999917e-01,-4.490899999999999753e-02,2.464780000000000026e-01,8.447390000000000176e-01,-9.089639999999999942e-01,9.311899999999999344e-02,1.054339999999999999e-01,6.878229999999999622e-01,3.440300000000000302e-02,2.461859999999999882e-01,-3.138040000000000274e-01
1.934676000000000062e+00,-4.664079999999999893e-01,4.789640000000000009e-01,-9.021538254848382454e-02,-1.154369295294453840e-01,6.485593091180736902e-01,-7.469312703379954455e-01,-1.548051000000000066e+00,2.017899999999999971e-01,-3.326250000000000040e-01,1.768270999999999926e+00,-6.035080000000000444e-01,-2.521289999999999920e-01,-1.557090000000000085e+00,-4.715349999999999819e-01,3.282939999999999747e-01,1.917118000000000100e+00,-6.985270000000000090e-01,2.521570000000000200e-01,-6.516600000000000170e-02,0.000000000000000000e+00,0.000000000000000000e+00,-9.290640000000000009e-01,-1.920810000000000017e-01,-6.453000000000000402e-03,9.627909999999999524e-01,-3.116700000000000026e-02,2.448929999999999996e-01,8.346339999999999870e-01,-8.323639999999999928e-01,1.353030000000000066e-01,9.714599999999999624e-02,7.497040000000000370e-01,2.878400000000000056e-02,2.492070000000000118e-01,-3.178690000000000127e-01
1.937580999999999998e+00,-4.660619999999999763e-01,4.754530000000000145e-01,-8.597961749956599398e-02,-1.215676152979307673e-01,6.467388440146860651e-01,-7.480358867915027909e-01,-1.566251999999999978e+00,1.925419999999999909e-01,-3.454690000000000261e-01,1.788950999999999958e+00,-6.103750000000000009e-01,-2.521289999999999920e-01,-1.563117000000000090e+00,-4.739209999999999812e-01,3.208710000000000173e-01,1.922965000000000035e+00,-6.979490000000000416e-01,2.521590000000000220e-01,-5.879100000000000298e-02,0.000000000000000000e+00,0.000000000000000000e+00,-8.485519999999999730e-01,-2.146319999999999895e-01,2.683999999999999928e-02,9.938909999999999689e-01,-1.976400000000000032e-02,2.342809999999999893e-01,8.329860000000000042e-01,-7.773459999999999814e-01,1.746969999999999912e-01,7.964699999999999558e-02,8.210800000000000320e-01,1.904000000000000137e-02,2.571419999999999817e-01,-3.211379999999999790e-01
1.939834000000000058e+00,-4.662290000000000045e-01,4.754209999999999825e-01,-7.955978634381717651e-02,-1.253991452188046585e-01,6.462745927099471377e-01,-7.485148265685264146e-01,-1.563978000000000090e+00,1.933389999999999831e-01,-3.539720000000000089e-01,1.795080000000000009e+00,-6.227110000000000145e-01,-2.521289999999999920e-01,-1.554280000000000106e+00,-4.714349999999999929e-01,3.106099999999999972e-01,1.919516000000000000e+00,-6.969840000000000479e-01,2.521610000000000240e-01,-5.172600000000000114e-02,0.000000000000000000e+00,0.000000000000000000e+00,-7.763029999999999653e-01,-2.403500000000000081e-01,6.991899999999999504e-02,1.024331000000000103e+00,-1.892500000000000085e-02,2.405809999999999893e-01,8.270279999999999854e-01,-7.376850000000000351e-01,2.085019999999999929e-01,6.122099999999999764e-02,9.021439999999999459e-01,-5.070999999999999987e-03,2.807790000000000008e-01,-3.335870000000000224e-01
1.941461000000000103e+00,-4.670969999999999844e-01,4.788700000000000179e-01,-7.295432824526780491e-02,-1.274962226715931901e-01,6.465924130159289573e-01,-7.485590361654821390e-01,-1.547371000000000052e+00,2.007439999999999780e-01,-3.581909999999999816e-01,1.788716999999999890e+00,-6.327669999999999684e-01,-2.521300000000000208e-01,-1.532697999999999894e+00,-4.672659999999999592e-01,2.968379999999999908e-01,1.906323999999999907e+00,-6.958630000000000093e-01,2.521610000000000240e-01,-4.488899999999999835e-02,0.000000000000000000e+00,0.000000000000000000e+00,-7.171769999999999534e-01,-2.656220000000000248e-01,1.247380000000000017e-01,1.038825000000000109e+00,-2.670300000000000104e-02,2.414280000000000037e-01,8.222869999999999902e-01,-7.112640000000000073e-01,2.346610000000000085e-01,4.179299999999999682e-02,9.692199999999999704e-01,-3.932999999999999691e-02,3.120800000000000241e-01,-3.449240000000000084e-01
1.942696999999999896e+00,-4.687430000000000208e-01,4.856750000000000234e-01,-6.580301254081680207e-02,-1.285181746402519476e-01,6.478277548695440258e-01,-7.479787713220054091e-01,-1.518580000000000041e+00,2.141869999999999885e-01,-3.597139999999999782e-01,1.771238000000000090e+00,-6.384400000000000075e-01,-2.521300000000000208e-01,-1.498574000000000073e+00,-4.615059999999999718e-01,2.777439999999999909e-01,1.883529000000000009e+00,-6.928039999999999754e-01,2.521610000000000240e-01,-3.989700000000000191e-02,0.000000000000000000e+00,0.000000000000000000e+00,-6.728929999999999634e-01,-2.846190000000000109e-01,1.616009999999999946e-01,1.048848999999999920e+00,-2.027899999999999842e-02,2.445029999999999981e-01,8.046999999999999709e-01,-6.897699999999999942e-01,2.541570000000000218e-01,1.493700000000000062e-02,1.012544000000000111e+00,-6.825699999999999823e-02,3.421109999999999984e-01,-3.547910000000000230e-01
1.943697000000000008e+00,-4.712600000000000122e-01,4.957520000000000260e-01,-5.737139432300151359e-02,-1.278292563116680547e-01,6.500239318022775770e-01,-7.468849258276327729e-01,-1.474504999999999955e+00,2.342800000000000160e-01,-3.580570000000000142e-01,1.742193000000000103e+00,-6.430839999999999890e-01,-2.521309999999999940e-01,-1.450260000000000105e+00,-4.546720000000000206e-01,2.532150000000000234e-01,1.850012999999999908e+00,-6.888630000000000031e-01,2.521590000000000220e-01,-3.651399999999999785e-02,0.000000000000000000e+00,0.000000000000000000e+00,-6.488150000000000306e-01,-2.940720000000000001e-01,1.749960000000000127e-01,1.057523999999999909e+00,7.264999999999999757e-03,2.570060000000000122e-01,7.906710000000000127e-01,-6.683940000000000436e-01,2.708430000000000004e-01,-2.085000000000000048e-02,1.029376999999999986e+00,-8.538400000000000156e-02,3.496940000000000048e-01,-3.602859999999999951e-01
1.944784000000000068e+00,-4.747850000000000126e-01,5.085319999999999840e-01,-4.913006854731118839e-02,-1.265276464016844571e-01,6.543911335667783602e-01,-7.438744755466298875e-01,-1.420382999999999951e+00,2.611499999999999932e-01,-3.535380000000000189e-01,1.704431999999999947e+00,-6.468730000000000313e-01,-2.521309999999999940e-01,-1.392414999999999958e+00,-4.446959999999999802e-01,2.243350000000000066e-01,1.805236999999999981e+00,-6.830720000000000125e-01,2.521559999999999913e-01,-3.559099999999999764e-02,0.000000000000000000e+00,0.000000000000000000e+00,-6.410360000000000502e-01,-3.011519999999999753e-01,1.843269999999999909e-01,1.063784000000000063e+00,3.969199999999999812e-02,2.747620000000000062e-01,7.796790000000000109e-01,-6.518859999999999655e-01,2.861349999999999727e-01,-5.824599999999999916e-02,1.031933999999999907e+00,-9.872699999999999532e-02,3.439119999999999955e-01,-3.594620000000000037e-01
1.946182000000000079e+00,-4.793180000000000218e-01,5.233210000000000361e-01,-3.945794836821404916e-02,-1.234145229599891286e-01,6.611135229435031180e-01,-7.390134204561915610e-01,-1.355558999999999958e+00,2.930119999999999947e-01,-3.474459999999999771e-01,1.661626000000000047e+00,-6.499979999999999647e-01,-2.521320000000000228e-01,-1.322055999999999898e+00,-4.323670000000000568e-01,1.912470000000000003e-01,1.750974999999999948e+00,-6.751580000000000359e-01,2.521550000000000180e-01,-3.729999999999999982e-02,0.000000000000000000e+00,0.000000000000000000e+00,-6.410759999999999792e-01,-3.079999999999999960e-01,1.977639999999999953e-01,1.065460999999999991e+00,6.934600000000000486e-02,2.948779999999999735e-01,7.729960000000000164e-01,-6.466560000000000086e-01,2.983199999999999741e-01,-9.518799999999999484e-02,1.034126000000000101e+00,-1.126049999999999968e-01,3.470710000000000184e-01,-3.559930000000000039e-01
1.947913999999999923e+00,-4.849669999999999814e-01,5.399549999999999628e-01,-2.828647346560504358e-02,-1.162174886795579037e-01,6.701994613563002634e-01,-7.324793872469186340e-01,-1.274922000000000111e+00,3.283280000000000087e-01,-3.356819999999999804e-01,1.613685999999999954e+00,-6.506089999999999929e-01,-2.521309999999999940e-01,-1.239295999999999953e+00,-4.188379999999999326e-01,1.593430000000000124e-01,1.688325000000000076e+00,-6.642909999999999648e-01,2.521539999999999893e-01,-4.088100000000000067e-02,0.000000000000000000e+00,0.000000000000000000e+00,-6.506229999999999514e-01,-3.142170000000000241e-01,2.163319999999999965e-01,1.062580999999999998e+00,9.313499999999999557e-02,3.166649999999999743e-01,7.639690000000000092e-01,-6.511660000000000226e-01,3.066980000000000262e-01,-1.274319999999999897e-01,1.028732999999999898e+00,-1.310369999999999868e-01,3.498939999999999828e-01,-3.504109999999999725e-01
1.949775000000000036e+00,-4.918879999999999919e-01,5.588359999999999994e-01,-1.619183622570378664e-02,-1.043388905986029763e-01,6.800808507151779869e-01,-7.254938020678138866e-01,-1.177089999999999970e+00,3.626199999999999979e-01,-3.158429999999999849e-01,1.557805000000000106e+00,-6.435650000000000537e-01,-2.521329999999999960e-01,-1.142668000000000017e+00,-4.077290000000000081e-01,1.297909999999999897e-01,1.615061999999999998e+00,-6.494050000000000100e-01,2.521499999999999853e-01,-4.447000000000000258e-02,0.000000000000000000e+00,0.000000000000000000e+00,-6.676999999999999602e-01,-3.192180000000000017e-01,2.336459999999999926e-01,1.056343000000000032e+00,1.180130000000000068e-01,3.285690000000000000e-01,7.580839999999999801e-01,-6.603360000000000340e-01,3.150800000000000267e-01,-1.644970000000000043e-01,1.016739999999999977e+00,-1.449270000000000003e-01,3.598919999999999897e-01,-3.480489999999999973e-01
1.951662999999999926e+00,-5.002189999999999692e-01,5.810469999999999802e-01,-2.880848519691533820e-03,-8.893622311388174606e-02,6.910515294349600657e-01,-7.173073487673515825e-01,-1.057946000000000053e+00,3.972320000000000295e-01,-2.862890000000000157e-01,1.485155999999999921e+00,-6.287690000000000223e-01,-2.521340000000000248e-01,-1.029303000000000079e+00,-3.974050000000000082e-01,9.944000000000000061e-02,1.524813999999999892e+00,-6.279249999999999554e-01,2.521470000000000100e-01,-4.771600000000000147e-02,0.000000000000000000e+00,0.000000000000000000e+00,-6.873479999999999590e-01,-3.240179999999999727e-01,2.550029999999999797e-01,1.055641000000000052e+00,1.377160000000000051e-01,3.486150000000000082e-01,7.527099999999999902e-01,-6.688870000000000093e-01,3.259509999999999907e-01,-2.024279999999999968e-01,1.001222000000000056e+00,-1.559699999999999975e-01,3.646530000000000049e-01,-3.463999999999999857e-01
1.953340000000000076e+00,-5.100270000000000081e-01,6.078919999999999879e-01,1.121745086996151115e-02,-6.977991235695765737e-02,7.023139271837927078e-01,-7.083502525665629213e-01,-9.097469999999999724e-01,4.281240000000000046e-01,-2.441979999999999984e-01,1.381793000000000049e+00,-6.065629999999999633e-01,-2.521370000000000000e-01,-8.949249999999999705e-01,-3.887410000000000032e-01,6.748600000000000432e-02,1.408465999999999996e+00,-5.922420000000000462e-01,2.521399999999999753e-01,-5.013900000000000301e-02,0.000000000000000000e+00,0.000000000000000000e+00,-7.020279999999999854e-01,-3.295910000000000228e-01,2.806500000000000106e-01,1.059204000000000034e+00,1.508819999999999883e-01,3.722579999999999778e-01,7.472959999999999603e-01,-6.766079999999999872e-01,3.368740000000000068e-01,-2.360130000000000006e-01,9.952830000000000288e-01,-1.707009999999999916e-01,3.829219999999999846e-01,-3.491170000000000107e-01
1.954800000000000093e+00,-5.213590000000000169e-01,6.405579999999999607e-01,2.513349632325253755e-02,-5.072612219062553468e-02,7.124519410446065182e-01,-6.994336277244922462e-01,-7.336679999999999868e-01,4.507079999999999975e-01,-1.919939999999999980e-01,1.229762999999999940e+00,-5.675130000000000452e-01,-2.521340000000000248e-01,-7.362180000000000391e-01,-3.805089999999999861e-01,2.596199999999999897e-02,1.251061999999999896e+00,-5.339970000000000550e-01,2.521229999999999860e-01,-5.244100000000000150e-02,0.000000000000000000e+00,0.000000000000000000e+00,-7.142800000000000260e-01,-3.347269999999999968e-01,3.080660000000000065e-01,1.068834999999999980e+00,1.606130000000000058e-01,4.082990000000000230e-01,7.454640000000000155e-01,-6.817379999999999551e-01,3.517950000000000244e-01,-2.757970000000000144e-01,9.944950000000000179e-01,-1.736800000000000010e-01,4.081659999999999733e-01,-3.464439999999999742e-01
1.955716000000000010e+00,-5.338559999999999972e-01,6.780540000000000456e-01,3.731405054446171321e-02,-3.177202283582855613e-02,7.204173695020889001e-01,-6.918070640840374708e-01,-5.298140000000000072e-01,4.627160000000000162e-01,-1.264929999999999943e-01,1.015168000000000070e+00,-4.903730000000000033e-01,-2.520580000000000043e-01,-5.545330000000000537e-01,-3.750759999999999650e-01,-2.709699999999999956e-02,1.044807000000000041e+00,-4.391689999999999761e-01,2.515189999999999926e-01,-5.354099999999999832e-02,0.000000000000000000e+00,0.000000000000000000e+00,-7.286240000000000494e-01,-3.367430000000000145e-01,3.259560000000000235e-01,1.072988999999999971e+00,1.768190000000000039e-01,4.356559999999999877e-01,7.444570000000000354e-01,-6.882289999999999797e-01,3.652050000000000018e-01,-3.121389999999999998e-01,9.901790000000000314e-01,-1.729320000000000024e-01,4.296249999999999791e-01,-3.325389999999999735e-01
1.957060000000000022e+00,-5.463660000000000183e-01,7.161939999999999973e-01,4.421337438996899433e-02,-1.709214851241989269e-02,7.247951826581320312e-01,-6.873317824601499204e-01,-3.270770000000000066e-01,4.695130000000000137e-01,-4.296400000000000219e-02,7.594119999999999759e-01,-3.648930000000000229e-01,-2.504790000000000072e-01,-3.771340000000000248e-01,-3.820379999999999887e-01,-1.058790000000000009e-01,8.154320000000000457e-01,-2.938500000000000001e-01,2.376689999999999914e-01,-4.910400000000000181e-02,0.000000000000000000e+00,0.000000000000000000e+00,-7.548000000000000265e-01,-3.394590000000000107e-01,3.373570000000000180e-01,1.071336000000000066e+00,1.922280000000000100e-01,4.516760000000000219e-01,7.363600000000000145e-01,-7.120919999999999472e-01,3.687400000000000122e-01,-3.386449999999999738e-01,9.827979999999999494e-01,-1.802300000000000013e-01,4.526990000000000181e-01,-3.208030000000000048e-01
1.958650999999999920e+00,-5.568650000000000544e-01,7.503630000000000022e-01,4.698261224350209347e-02,-7.325295857460971914e-03,7.267155692693493263e-01,-6.852907817626783249e-01,-1.574480000000000046e-01,4.850130000000000274e-01,1.352240000000000109e-01,5.277509999999999701e-01,-2.022130000000000039e-01,-2.141250000000000098e-01,-2.311229999999999951e-01,-3.729810000000000070e-01,-2.098690000000000000e-01,6.219780000000000308e-01,-1.481689999999999952e-01,2.168309999999999960e-01,-4.250000000000000305e-02,0.000000000000000000e+00,0.000000000000000000e+00,-8.093949999999999756e-01,-3.433189999999999853e-01,3.585979999999999723e-01,1.057107000000000019e+00,1.966479999999999895e-01,4.621739999999999737e-01,7.252840000000000398e-01,-7.730449999999999822e-01,3.590360000000000218e-01,-3.610209999999999808e-01,9.738580000000000014e-01,-1.936470000000000136e-01,4.789390000000000036e-01,-3.186740000000000128e-01
1.960169000000000050e+00,-5.638819999999999943e-01,7.794229999999999769e-01,4.903024640119944821e-02,-1.021761709359659219e-04,7.262194701208856129e-01,-6.857122616048277886e-01,-3.678399999999999725e-02,4.373389999999999778e-01,2.673650000000000193e-01,3.742389999999999883e-01,-7.337000000000000466e-02,-2.035289999999999877e-01,-1.403749999999999998e-01,-2.848709999999999853e-01,-2.025710000000000011e-01,5.134189999999999587e-01,-7.191899999999999682e-02,2.505160000000000164e-01,-3.477199999999999736e-02,0.000000000000000000e+00,0.000000000000000000e+00,-8.980050000000000532e-01,-3.407689999999999886e-01,3.815560000000000063e-01,1.021227000000000107e+00,1.944240000000000135e-01,4.584280000000000022e-01,7.123070000000000235e-01,-8.758120000000000349e-01,3.290500000000000091e-01,-3.740160000000000151e-01,9.556360000000000410e-01,-2.177759999999999974e-01,4.825900000000000190e-01,-3.225250000000000061e-01
1.961251000000000078e+00,-5.687159999999999993e-01,7.992949999999999777e-01,5.268289190544368783e-02,8.535536849300588008e-03,7.289279792815859249e-01,-6.825068926623651944e-01,2.323899999999999924e-02,3.120470000000000188e-01,1.693630000000000135e-01,3.209069999999999978e-01,-3.297200000000000131e-02,-2.301290000000000002e-01,-8.192499999999999782e-02,-2.048940000000000206e-01,-1.695699999999999985e-01,4.855760000000000076e-01,-1.613799999999999957e-02,2.516490000000000116e-01,-1.567100000000000090e-02,0.000000000000000000e+00,0.000000000000000000e+00,-1.011594000000000104e+00,-3.221019999999999994e-01,4.000199999999999867e-01,9.837879999999999958e-01,1.926289999999999947e-01,4.554480000000000195e-01,6.955029999999999824e-01,-9.964709999999999956e-01,2.845429999999999904e-01,-3.880950000000000233e-01,9.318109999999999449e-01,-2.318060000000000120e-01,4.872810000000000197e-01,-3.141189999999999816e-01
1.961848999999999954e+00,-5.719720000000000359e-01,8.103839999999999932e-01,5.569719517177033202e-02,1.557104007130085364e-02,7.278956003787349083e-01,-6.832447292957163354e-01,5.419600000000000112e-02,1.981289999999999996e-01,7.102600000000000580e-02,3.231589999999999741e-01,-2.394400000000000001e-02,-2.369310000000000027e-01,-2.823600000000000068e-02,-1.871829999999999883e-01,-2.198390000000000066e-01,4.679449999999999998e-01,2.496800000000000061e-02,2.421159999999999979e-01,-2.687000000000000152e-03,0.000000000000000000e+00,0.000000000000000000e+00,-1.139426999999999968e+00,-2.878220000000000223e-01,3.964150000000000174e-01,9.587539999999999951e-01,2.025929999999999953e-01,4.585409999999999764e-01,6.703919999999999879e-01,-1.119985999999999926e+00,2.388669999999999960e-01,-4.122469999999999746e-01,8.990599999999999703e-01,-2.278590000000000060e-01,4.842819999999999903e-01,-3.088569999999999927e-01
1.961943999999999910e+00,-5.741629999999999789e-01,8.129680000000000240e-01,5.609027301180802283e-02,2.051884567791412498e-02,7.225188299351535948e-01,-6.887665777566762682e-01,8.019800000000000539e-02,1.635489999999999999e-01,1.230750000000000038e-01,3.126229999999999842e-01,-8.037000000000000741e-03,-1.727849999999999941e-01,3.153000000000000247e-02,-2.038520000000000054e-01,-3.773869999999999725e-01,4.094189999999999774e-01,5.554300000000000209e-02,1.819679999999999909e-01,9.590000000000000000e-04,0.000000000000000000e+00,0.000000000000000000e+00,-1.260891999999999902e+00,-2.493059999999999998e-01,3.873809999999999754e-01,9.466259999999999675e-01,2.145219999999999905e-01,4.648149999999999782e-01,6.450930000000000275e-01,-1.231678999999999968e+00,1.985129999999999950e-01,-4.325729999999999853e-01,8.702149999999999608e-01,-2.203189999999999871e-01,4.808769999999999989e-01,-3.028609999999999913e-01
1.961691999999999991e+00,-5.750250000000000083e-01,8.120330000000000048e-01,5.414161425880725798e-02,2.417491208250439894e-02,7.170458505742867139e-01,-6.944994653744892554e-01,1.065299999999999997e-01,1.562800000000000022e-01,1.829739999999999978e-01,2.706189999999999984e-01,-2.283400000000000013e-02,-1.290729999999999933e-01,7.467300000000000326e-02,-2.172920000000000129e-01,-4.858680000000000221e-01,3.601010000000000044e-01,4.281100000000000183e-02,1.302800000000000069e-01,-5.399999999999999798e-05,0.000000000000000000e+00,0.000000000000000000e+00,-1.360247999999999902e+00,-2.178740000000000121e-01,3.906399999999999872e-01,9.460739999999999705e-01,2.251769999999999883e-01,4.712009999999999810e-01,6.455079999999999707e-01,-1.331048000000000009e+00,1.683830000000000049e-01,-4.442329999999999890e-01,8.682860000000000023e-01,-2.187580000000000080e-01,4.863689999999999958e-01,-2.923760000000000248e-01
1.960744000000000042e+00,-5.741389999999999549e-01,8.056149999999999700e-01,5.108112730048265659e-02,2.741035717676511968e-02,7.144529483625677857e-01,-6.972778322370417614e-01,1.172809999999999964e-01,1.449709999999999888e-01,1.606019999999999948e-01,2.607149999999999745e-01,-9.431000000000000494e-02,-1.532920000000000116e-01,8.512799999999999534e-02,-2.233249999999999957e-01,-4.981110000000000260e-01,3.585999999999999743e-01,-3.110299999999999870e-02,1.364879999999999982e-01,-1.968999999999999830e-03,0.000000000000000000e+00,0.000000000000000000e+00,-1.441926000000000041e+00,-1.899180000000000035e-01,3.976169999999999982e-01,9.512680000000000025e-01,2.353979999999999961e-01,4.790820000000000078e-01,6.580420000000000158e-01,-1.411381999999999914e+00,1.486639999999999906e-01,-4.528730000000000255e-01,8.674269999999999481e-01,-2.136079999999999923e-01,4.836329999999999796e-01,-2.803590000000000249e-01
1.959252999999999911e+00,-5.719670000000000032e-01,7.963810000000000056e-01,4.624548021581267876e-02,2.944205978517516406e-02,7.124675543869640748e-01,-6.995602222976042839e-01,1.153929999999999956e-01,1.355399999999999938e-01,1.195679999999999937e-01,2.671609999999999818e-01,-1.848219999999999863e-01,-2.030929999999999958e-01,7.010199999999999765e-02,-2.314390000000000058e-01,-4.687970000000000192e-01,3.903889999999999860e-01,-1.241460000000000063e-01,1.517219999999999958e-01,-4.375000000000000416e-03,0.000000000000000000e+00,0.000000000000000000e+00,-1.486345999999999945e+00,-1.654319999999999957e-01,3.915839999999999876e-01,9.482770000000000366e-01,2.461579999999999879e-01,4.810920000000000196e-01,6.632569999999999855e-01,-1.459885000000000099e+00,1.412259999999999904e-01,-4.632850000000000024e-01,8.617810000000000192e-01,-2.016959999999999864e-01,4.752489999999999770e-01,-2.761629999999999918e-01
1.957348000000000088e+00,-5.687090000000000201e-01,7.861470000000000402e-01,4.186515439568821995e-02,2.874561520537371323e-02,7.102232624460772525e-01,-7.021423758286778893e-01,1.004659999999999997e-01,1.327519999999999811e-01,1.052949999999999997e-01,2.859050000000000202e-01,-2.662019999999999942e-01,-2.097410000000000108e-01,4.489800000000000041e-02,-2.422529999999999961e-01,-4.673579999999999957e-01,4.361200000000000077e-01,-2.100730000000000097e-01,1.407360000000000000e-01,-5.893999999999999934e-03,0.000000000000000000e+00,0.000000000000000000e+00,-1.489929999999999977e+00,-1.533619999999999983e-01,3.781550000000000189e-01,9.220009999999999595e-01,2.401099999999999901e-01,4.797890000000000210e-01,6.528650000000000286e-01,-1.477627999999999941e+00,1.362089999999999967e-01,-4.551180000000000225e-01,8.544000000000000483e-01,-2.030899999999999928e-01,4.609809999999999741e-01,-2.759519999999999751e-01
1.954328000000000065e+00,-5.645329999999999515e-01,7.790550000000000530e-01,3.828707784346165044e-02,2.872050588139506144e-02,7.081276261630270463e-01,-7.044604298871878223e-01,7.784199999999999453e-02,1.294669999999999987e-01,1.073479999999999990e-01,3.141050000000000231e-01,-3.195919999999999872e-01,-1.603729999999999878e-01,2.298299999999999996e-02,-2.541800000000000170e-01,-4.846349999999999825e-01,4.788290000000000046e-01,-2.880989999999999940e-01,1.168160000000000032e-01,-5.278999999999999838e-03,0.000000000000000000e+00,0.000000000000000000e+00,-1.490021999999999958e+00,-1.482670000000000099e-01,3.687559999999999727e-01,9.005419999999999536e-01,2.268969999999999876e-01,4.754039999999999933e-01,6.432560000000000500e-01,-1.481429000000000107e+00,1.305540000000000034e-01,-4.369709999999999983e-01,8.474829999999999863e-01,-2.076119999999999910e-01,4.532990000000000075e-01,-2.709599999999999786e-01
1.950725000000000042e+00,-5.596020000000000438e-01,7.759249999999999758e-01,3.514481093363776287e-02,2.733551814497232196e-02,7.067828218137919283e-01,-7.060280833657528454e-01,5.524600000000000344e-02,1.305029999999999801e-01,1.083009999999999945e-01,3.336480000000000001e-01,-3.427310000000000079e-01,-1.304329999999999934e-01,2.873000000000000120e-03,-2.564200000000000368e-01,-4.942549999999999999e-01,5.027470000000000550e-01,-3.298420000000000241e-01,1.006210000000000021e-01,-3.010999999999999788e-03,0.000000000000000000e+00,0.000000000000000000e+00,-1.489117000000000024e+00,-1.508819999999999883e-01,3.653680000000000261e-01,9.001419999999999977e-01,2.174510000000000054e-01,4.667819999999999747e-01,6.450559999999999627e-01,-1.473964999999999970e+00,1.305099999999999871e-01,-4.214280000000000248e-01,8.410480000000000178e-01,-2.104310000000000069e-01,4.530060000000000198e-01,-2.745239999999999903e-01
1.946258999999999961e+00,-5.536630000000000162e-01,7.750010000000000510e-01,3.320685737996162401e-02,2.467781058889013945e-02,7.071899170034866566e-01,-7.058121078418019279e-01,3.554899999999999727e-02,1.383179999999999965e-01,1.052550000000000013e-01,3.431960000000000011e-01,-3.442720000000000224e-01,-1.349400000000000044e-01,-2.201099999999999932e-02,-2.504359999999999919e-01,-4.901249999999999774e-01,5.203569999999999585e-01,-3.337640000000000051e-01,9.116399999999999504e-02,-1.239000000000000084e-03,0.000000000000000000e+00,0.000000000000000000e+00,-1.477278000000000091e+00,-1.571950000000000014e-01,3.660209999999999853e-01,8.969549999999999468e-01,2.051779999999999993e-01,4.419939999999999980e-01,6.620570000000000066e-01,-1.444758999999999904e+00,1.343050000000000077e-01,-3.868889999999999829e-01,8.165200000000000236e-01,-2.201519999999999866e-01,4.372369999999999868e-01,-2.719150000000000178e-01
1.941276000000000002e+00,-5.470289999999999875e-01,7.747140000000000137e-01,2.963124510922393248e-02,2.052439602202118726e-02,7.085162515458575117e-01,-7.047733392918715811e-01,1.082299999999999929e-02,1.497350000000000070e-01,1.076280000000000014e-01,3.509240000000000137e-01,-3.347260000000000235e-01,-1.489920000000000133e-01,-6.352800000000000114e-02,-2.493009999999999948e-01,-4.783430000000000182e-01,5.571850000000000414e-01,-3.193730000000000180e-01,9.497999999999999499e-02,-1.247000000000000062e-03,0.000000000000000000e+00,0.000000000000000000e+00,-1.440209000000000072e+00,-1.568720000000000114e-01,3.265279999999999849e-01,8.699930000000000163e-01,1.967869999999999897e-01,3.949819999999999998e-01,6.479979999999999629e-01,-1.379822000000000104e+00,1.394529999999999936e-01,-3.390920000000000045e-01,7.520999999999999908e-01,-2.190809999999999980e-01,3.820359999999999867e-01,-2.634679999999999800e-01
1.935589000000000004e+00,-5.398509999999999698e-01,7.744180000000000508e-01,2.694985126927646954e-02,1.659177395728916871e-02,7.101946745407066164e-01,-7.032936391064077419e-01,-1.780299999999999938e-02,1.640019999999999811e-01,1.092640000000000000e-01,3.677509999999999946e-01,-3.274549999999999961e-01,-1.594889999999999919e-01,-1.227459999999999940e-01,-2.548559999999999715e-01,-4.512789999999999857e-01,6.309460000000000068e-01,-2.984350000000000058e-01,1.331219999999999903e-01,-2.161999999999999859e-03,0.000000000000000000e+00,0.000000000000000000e+00,-1.373660000000000103e+00,-1.461179999999999979e-01,2.456000000000000127e-01,8.170800000000000285e-01,1.916120000000000045e-01,3.300219999999999820e-01,6.188200000000000367e-01,-1.286256000000000066e+00,1.410540000000000127e-01,-2.700069999999999970e-01,6.598209999999999908e-01,-2.052200000000000135e-01,2.881960000000000077e-01,-2.553159999999999874e-01
1.929202000000000083e+00,-5.323820000000000219e-01,7.722419999999999840e-01,2.496266825255099436e-02,1.441835892143065317e-02,7.113766212910785924e-01,-7.022195374668915857e-01,-4.847699999999999926e-02,1.781600000000000128e-01,1.081960000000000005e-01,3.940429999999999766e-01,-3.260449999999999737e-01,-1.688149999999999928e-01,-1.997939999999999994e-01,-2.585979999999999945e-01,-3.903780000000000028e-01,7.384629999999999805e-01,-2.717140000000000111e-01,2.148299999999999932e-01,-2.452000000000000186e-03,0.000000000000000000e+00,0.000000000000000000e+00,-1.289860000000000007e+00,-1.327270000000000116e-01,1.459179999999999922e-01,7.379059999999999508e-01,1.634400000000000019e-01,2.551490000000000147e-01,5.969309999999999894e-01,-1.179897999999999891e+00,1.288289999999999991e-01,-1.807489999999999930e-01,5.583040000000000225e-01,-1.915080000000000116e-01,1.924530000000000129e-01,-2.344320000000000015e-01
1.920938999999999952e+00,-5.244109999999999605e-01,7.681890000000000107e-01,2.310172781784921095e-02,1.464153477697207294e-02,7.157715177457795175e-01,-6.977987317379616972e-01,-8.290599999999999359e-02,1.951450000000000129e-01,1.119840000000000002e-01,4.393699999999999828e-01,-3.339360000000000106e-01,-1.806020000000000125e-01,-2.941699999999999871e-01,-2.141629999999999923e-01,-2.732689999999999841e-01,8.552189999999999515e-01,-2.553830000000000267e-01,2.504580000000000140e-01,4.486999999999999669e-03,0.000000000000000000e+00,0.000000000000000000e+00,-1.197831000000000090e+00,-1.142200000000000021e-01,3.751000000000000167e-02,6.462729999999999864e-01,1.144779999999999964e-01,1.898120000000000085e-01,5.803719999999999990e-01,-1.076646999999999910e+00,1.075720000000000010e-01,-9.595299999999999663e-02,4.544679999999999831e-01,-1.854830000000000090e-01,1.270660000000000123e-01,-2.215270000000000017e-01
1.911861999999999950e+00,-5.165180000000000327e-01,7.642120000000000024e-01,1.989443830788571038e-02,1.702067846718312641e-02,7.230962431791173595e-01,-6.902509188180609989e-01,-1.233500000000000013e-01,2.150360000000000049e-01,1.211470000000000047e-01,5.029979999999999452e-01,-3.472089999999999899e-01,-1.979670000000000041e-01,-3.645809999999999884e-01,-1.318840000000000012e-01,-1.396469999999999934e-01,9.435329999999999551e-01,-2.889979999999999771e-01,2.520870000000000055e-01,2.208900000000000099e-02,0.000000000000000000e+00,0.000000000000000000e+00,-1.094238999999999962e+00,-9.804499999999999327e-02,-5.723600000000000215e-02,5.609699999999999687e-01,4.392000000000000071e-02,1.409489999999999910e-01,5.803909999999999902e-01,-9.623859999999999637e-01,8.771199999999999830e-02,-1.601800000000000099e-02,3.613370000000000193e-01,-1.974559999999999926e-01,7.544499999999999817e-02,-2.283139999999999892e-01
1.901947999999999972e+00,-5.090440000000000520e-01,7.601029999999999731e-01,1.821472479328997349e-02,1.688944630857138265e-02,7.260164031894194014e-01,-6.872286029437313370e-01,-1.618060000000000054e-01,2.373800000000000077e-01,1.189299999999999941e-01,5.511859999999999538e-01,-3.507390000000000230e-01,-2.158220000000000138e-01,-3.824170000000000069e-01,-1.357399999999999995e-01,-4.747300000000000131e-02,9.751670000000000060e-01,-3.378929999999999989e-01,2.520549999999999735e-01,3.727300000000000058e-02,0.000000000000000000e+00,0.000000000000000000e+00,-9.866979999999999640e-01,-8.330899999999999417e-02,-1.525739999999999874e-01,4.995740000000000181e-01,-1.401799999999999921e-02,1.040679999999999938e-01,6.002399999999999958e-01,-8.409889999999999866e-01,7.632700000000000595e-02,5.008300000000000252e-02,2.882419999999999982e-01,-2.182979999999999920e-01,5.069900000000000101e-02,-2.488859999999999961e-01
1.891431000000000084e+00,-5.022710000000000230e-01,7.569740000000000357e-01,1.841642221743251817e-02,1.590218670608828030e-02,7.213153776573635323e-01,-6.921792266499255941e-01,-1.904039999999999899e-01,2.519669999999999965e-01,9.918699999999999739e-02,5.703500000000000236e-01,-3.429909999999999903e-01,-2.304549999999999932e-01,-3.645419999999999772e-01,-2.431760000000000033e-01,-7.290999999999999738e-03,9.447240000000000082e-01,-3.331009999999999804e-01,2.498049999999999993e-01,3.795400000000000162e-02,0.000000000000000000e+00,0.000000000000000000e+00,-8.843339999999999534e-01,-7.469299999999999551e-02,-2.450950000000000073e-01,4.699619999999999909e-01,-6.346200000000000452e-02,9.255399999999999738e-02,6.207470000000000487e-01,-7.193580000000000529e-01,7.420200000000000407e-02,9.890200000000000380e-02,2.393129999999999979e-01,-2.345720000000000027e-01,4.841399999999999870e-02,-2.896949999999999803e-01
1.879340000000000011e+00,-4.958440000000000070e-01,7.534279999999999866e-01,1.723119800782304048e-02,1.683889164300692021e-02,7.126345892487861988e-01,-7.011215869944841250e-01,-2.153110000000000024e-01,2.572309999999999874e-01,7.145500000000000462e-02,5.795789999999999553e-01,-3.322539999999999938e-01,-2.434729999999999950e-01,-3.294259999999999966e-01,-3.334399999999999586e-01,1.226999999999999966e-02,8.713359999999999994e-01,-2.940059999999999896e-01,2.005280000000000118e-01,2.699800000000000116e-02,0.000000000000000000e+00,0.000000000000000000e+00,-7.883989999999999609e-01,-7.711600000000000399e-02,-3.119049999999999878e-01,4.577109999999999790e-01,-1.324980000000000047e-01,9.971299999999999608e-02,6.273020000000000262e-01,-6.106489999999999974e-01,6.619999999999999496e-02,1.492749999999999910e-01,2.108800000000000119e-01,-2.528420000000000112e-01,5.764999999999999986e-02,-3.253039999999999821e-01
1.865479000000000109e+00,-4.892159999999999842e-01,7.490029999999999744e-01,1.474239176212025632e-02,1.889783578356098864e-02,7.036096897287686946e-01,-7.101823274396622532e-01,-2.426049999999999873e-01,2.586990000000000123e-01,4.225299999999999889e-02,5.931859999999999911e-01,-3.245179999999999731e-01,-2.508900000000000019e-01,-2.893540000000000001e-01,-3.272529999999999606e-01,1.003229999999999955e-01,7.893459999999999921e-01,-2.712169999999999859e-01,2.255830000000000057e-01,1.115900000000000052e-02,0.000000000000000000e+00,0.000000000000000000e+00,-6.989689999999999515e-01,-7.934700000000000086e-02,-3.598399999999999932e-01,4.495520000000000072e-01,-1.979499999999999871e-01,1.025390000000000051e-01,6.424969999999999848e-01,-5.276530000000000387e-01,5.477100000000000024e-02,2.038909999999999889e-01,2.045109999999999983e-01,-2.724840000000000040e-01,7.765400000000000080e-02,-3.545610000000000150e-01
1.850106000000000028e+00,-4.817509999999999848e-01,7.440290000000000514e-01,1.185817844660289055e-02,2.055185946697815277e-02,6.998599215326253287e-01,-7.138859116894837875e-01,-2.692660000000000053e-01,2.651100000000000123e-01,2.288300000000000056e-02,6.091330000000000355e-01,-3.177209999999999757e-01,-2.520180000000000198e-01,-2.496599999999999930e-01,-2.621239999999999681e-01,2.180690000000000128e-01,7.266799999999999926e-01,-3.045900000000000274e-01,2.509660000000000224e-01,-1.422000000000000087e-03,0.000000000000000000e+00,0.000000000000000000e+00,-6.172720000000000429e-01,-7.367999999999999550e-02,-3.932720000000000105e-01,4.442809999999999815e-01,-2.371149999999999924e-01,9.714299999999999324e-02,6.884010000000000407e-01,-4.714900000000000202e-01,5.360499999999999987e-02,2.611629999999999785e-01,2.206339999999999968e-01,-2.647459999999999813e-01,9.870500000000000107e-02,-3.835959999999999925e-01
1.833198000000000105e+00,-4.732199999999999740e-01,7.396709999999999674e-01,9.717589904395832964e-03,2.075450956858359425e-02,7.013305341989296560e-01,-7.124677540627795125e-01,-2.926190000000000180e-01,2.817149999999999932e-01,1.345799999999999948e-02,6.194579999999999531e-01,-3.063589999999999924e-01,-2.521090000000000275e-01,-2.377209999999999879e-01,-2.229320000000000190e-01,2.673260000000000081e-01,7.002070000000000238e-01,-3.874199999999999866e-01,2.520439999999999903e-01,-6.548000000000000001e-03,0.000000000000000000e+00,0.000000000000000000e+00,-5.455790000000000362e-01,-7.109300000000000341e-02,-4.151819999999999955e-01,4.442050000000000165e-01,-2.719010000000000038e-01,1.058719999999999939e-01,7.399959999999999871e-01,-4.331340000000000190e-01,5.263000000000000317e-02,3.181129999999999791e-01,2.609020000000000228e-01,-2.349559999999999982e-01,1.060849999999999987e-01,-4.033539999999999903e-01
1.815711000000000075e+00,-4.634670000000000178e-01,7.351079999999999837e-01,7.974206737866524133e-03,1.795370005253015336e-02,7.050244087249457614e-01,-7.089108969280737416e-01,-3.115890000000000049e-01,3.065260000000000207e-01,7.138000000000000247e-03,6.109109999999999818e-01,-2.831069999999999975e-01,-2.521249999999999880e-01,-2.700060000000000238e-01,-2.186839999999999895e-01,2.216329999999999967e-01,7.164789999999999770e-01,-4.484710000000000085e-01,2.519410000000000260e-01,-6.020000000000000177e-03,0.000000000000000000e+00,0.000000000000000000e+00,-4.862859999999999960e-01,-6.606299999999999673e-02,-4.290149999999999797e-01,4.439779999999999838e-01,-3.081400000000000250e-01,1.187689999999999996e-01,7.676800000000000290e-01,-4.147199999999999775e-01,5.262599999999999917e-02,3.673969999999999736e-01,3.089830000000000076e-01,-2.087459999999999871e-01,1.149950000000000000e-01,-4.229390000000000094e-01
1.797657999999999978e+00,-4.527760000000000118e-01,7.332260000000000444e-01,5.032430213040517582e-03,1.286406731246642760e-02,7.071904464405815993e-01,-7.068881544356944158e-01,-3.240179999999999727e-01,3.306719999999999660e-01,-1.637000000000000000e-03,5.711739999999999595e-01,-2.380730000000000068e-01,-2.521280000000000188e-01,-3.241939999999999822e-01,-1.950709999999999944e-01,2.044650000000000079e-01,7.627760000000000096e-01,-4.637510000000000243e-01,2.485370000000000079e-01,-7.388999999999999735e-03,0.000000000000000000e+00,0.000000000000000000e+00,-4.419750000000000068e-01,-5.143999999999999961e-02,-4.481539999999999968e-01,4.450160000000000227e-01,-3.229830000000000201e-01,1.429420000000000135e-01,7.738519999999999843e-01,-4.074409999999999976e-01,5.170000000000000290e-02,4.129689999999999750e-01,3.617879999999999985e-01,-2.091590000000000116e-01,1.151439999999999964e-01,-4.638079999999999981e-01
1.778431000000000095e+00,-4.417690000000000228e-01,7.327620000000000244e-01,1.024132920085723186e-03,7.126025237270143010e-03,7.085667830168147496e-01,-7.056070329307111422e-01,-3.295210000000000083e-01,3.583689999999999931e-01,-3.399999999999999811e-03,5.086410000000000098e-01,-1.753820000000000101e-01,-2.521240000000000148e-01,-3.765020000000000033e-01,-1.591609999999999969e-01,1.929819999999999869e-01,8.055830000000000490e-01,-4.661009999999999875e-01,2.299329999999999985e-01,-9.037999999999999159e-03,0.000000000000000000e+00,0.000000000000000000e+00,-4.001959999999999962e-01,-3.297800000000000037e-02,-4.726940000000000031e-01,4.501499999999999946e-01,-3.255460000000000020e-01,1.738840000000000108e-01,7.701820000000000332e-01,-4.016179999999999750e-01,4.084900000000000336e-02,4.694380000000000219e-01,4.187629999999999963e-01,-2.407610000000000028e-01,1.137470000000000009e-01,-5.086960000000000370e-01
1.759376999999999969e+00,-4.314459999999999962e-01,7.341029999999999500e-01,-2.989967151313236739e-03,1.596802856867730663e-03,7.048058802164650638e-01,-7.093921211356695178e-01,-3.250129999999999963e-01,3.893889999999999851e-01,1.011100000000000020e-02,4.178200000000000247e-01,-9.659900000000000431e-02,-2.521430000000000060e-01,-4.030619999999999759e-01,-1.339210000000000123e-01,1.657849999999999879e-01,8.109250000000000069e-01,-4.637990000000000168e-01,2.063139999999999974e-01,-9.839999999999999789e-03,0.000000000000000000e+00,0.000000000000000000e+00,-3.676749999999999741e-01,-2.338000000000000148e-02,-5.028000000000000247e-01,4.681199999999999806e-01,-3.465230000000000254e-01,2.159739999999999993e-01,7.491919999999999691e-01,-3.812980000000000258e-01,3.361999999999999711e-02,5.104880000000000528e-01,4.692459999999999964e-01,-2.524959999999999982e-01,1.198160000000000058e-01,-5.333360000000000323e-01
1.741309999999999913e+00,-4.206529999999999991e-01,7.382630000000000026e-01,-6.156138816272489073e-03,-1.518716621865095259e-03,6.953816895051161406e-01,-7.186126225969784453e-01,-3.203889999999999794e-01,4.215539999999999843e-01,8.326500000000000568e-02,3.447939999999999894e-01,-2.438299999999999843e-02,-2.521140000000000048e-01,-4.196449999999999902e-01,-1.188649999999999984e-01,1.314929999999999988e-01,8.111220000000000097e-01,-4.534219999999999917e-01,1.805479999999999863e-01,-1.450899999999999933e-02,0.000000000000000000e+00,0.000000000000000000e+00,-3.428069999999999729e-01,-2.475400000000000170e-02,-5.332130000000000480e-01,4.963339999999999974e-01,-3.926939999999999875e-01,2.470050000000000023e-01,7.015789999999999527e-01,-3.481690000000000063e-01,2.846299999999999872e-02,5.292660000000000142e-01,5.091179999999999595e-01,-2.211140000000000050e-01,1.319950000000000012e-01,-5.234039999999999804e-01
1.724590000000000067e+00,-4.096400000000000041e-01,7.414809999999999457e-01,-8.018588809062697151e-03,-3.376005306018727784e-03,6.855841569034881733e-01,-7.279413909269195626e-01,-3.186780000000000168e-01,4.114140000000000019e-01,1.211730000000000029e-01,3.536750000000000171e-01,-4.114799999999999708e-02,-2.521160000000000068e-01,-4.323930000000000273e-01,-1.075309999999999877e-01,9.897999999999999854e-02,8.060040000000000537e-01,-4.375899999999999790e-01,1.543210000000000137e-01,-1.986100000000000018e-02,0.000000000000000000e+00,0.000000000000000000e+00,-3.254049999999999998e-01,-3.212399999999999978e-02,-5.601679999999999993e-01,5.363149999999999862e-01,-4.420789999999999997e-01,2.779550000000000076e-01,6.649850000000000483e-01,-3.124210000000000043e-01,3.245100000000000068e-02,5.262179999999999636e-01,5.437910000000000244e-01,-1.539689999999999948e-01,1.469530000000000003e-01,-5.134199999999999875e-01
1.709165999999999963e+00,-3.984949999999999881e-01,7.444739999999999691e-01,-8.528234221335126430e-03,-4.802744154953899822e-03,6.770623765297548724e-01,-7.358605446397630256e-01,-3.215720000000000245e-01,3.983039999999999914e-01,1.154270000000000018e-01,4.395809999999999995e-01,-1.333769999999999956e-01,-2.519310000000000160e-01,-4.408659999999999801e-01,-9.602099999999999524e-02,7.063800000000000634e-02,7.924919999999999742e-01,-4.169450000000000101e-01,1.295840000000000047e-01,-2.395900000000000113e-02,0.000000000000000000e+00,0.000000000000000000e+00,-3.187450000000000006e-01,-4.259999999999999898e-02,-5.844510000000000538e-01,5.835150000000000059e-01,-4.672220000000000262e-01,2.985269999999999868e-01,6.625419999999999643e-01,-2.883319999999999772e-01,3.320100000000000134e-02,5.393510000000000248e-01,5.726630000000000331e-01,-1.136510000000000020e-01,1.800680000000000058e-01,-5.135089999999999932e-01
