-8.506600000000000272e-02,4.101799999999999891e-02,6.359299999999999953e-01,-9.546501954863033379e-02,-4.578809535696808791e-02,-9.614318220394827419e-01,2.538478519428537528e-01,-6.061490000000000489e-01,3.826589999999999714e-01,-2.802640000000000131e-01,7.537270000000000358e-01,-1.551019999999999899e-01,-2.476270000000000138e-01,-1.622600000000000084e-02,-5.748349999999999849e-01,-3.321660000000000168e-01,1.357971000000000039e+00,-8.451670000000000016e-01,2.477330000000000088e-01,1.619299999999999906e-02,0.000000000000000000e+00,0.000000000000000000e+00,-1.522660000000000124e-01,-1.211300000000000016e-01,-4.291229999999999767e-01,-7.568310000000000315e-01,-3.146479999999999833e-01,-5.899999999999999689e-02,1.711479999999999946e-01,-1.977909999999999946e-01,2.047529999999999906e-01,5.552639999999999798e-01,-5.609600000000000142e-01,2.449999999999999921e-03,-1.001790000000000042e-01,-1.054879999999999984e-01
-8.906000000000000028e-02,2.275599999999999845e-02,6.242379999999999596e-01,-1.025345048354648347e-01,-2.715846925440746837e-02,-9.466237881513918095e-01,3.043887260918382021e-01,-7.141819999999999835e-01,3.023569999999999869e-01,-3.632810000000000206e-01,9.044879999999999587e-01,-1.577560000000000073e-01,-2.477910000000000112e-01,6.593799999999999661e-02,-5.784549999999999415e-01,-4.052769999999999984e-01,1.384719000000000033e+00,-8.327160000000000117e-01,2.477699999999999902e-01,3.259599999999999997e-02,0.000000000000000000e+00,0.000000000000000000e+00,-1.760110000000000008e-01,-1.587290000000000090e-01,-4.723169999999999868e-01,-7.551400000000000334e-01,-2.886449999999999849e-01,-5.557399999999999840e-02,2.031530000000000002e-01,-2.727249999999999952e-01,1.779270000000000018e-01,5.290230000000000210e-01,-6.177730000000000166e-01,-5.648500000000000049e-02,-9.953700000000000048e-02,-9.796699999999999853e-02
-9.261999999999999400e-02,5.178999999999999576e-03,6.118510000000000337e-01,-1.078689530713446559e-01,-9.722337462194021937e-03,-9.320539022381463257e-01,3.457532189874842343e-01,-7.883440000000000447e-01,2.297029999999999905e-01,-4.045650000000000079e-01,1.022124999999999950e+00,-1.527179999999999926e-01,-2.478249999999999897e-01,1.240829999999999989e-01,-5.864660000000000428e-01,-4.553200000000000025e-01,1.427097999999999978e+00,-7.917960000000000553e-01,2.478009999999999935e-01,4.722799999999999915e-02,0.000000000000000000e+00,0.000000000000000000e+00,-1.492020000000000013e-01,-1.963320000000000065e-01,-5.331749999999999545e-01,-7.745840000000000503e-01,-2.563909999999999800e-01,-6.126399999999999901e-02,2.345240000000000102e-01,-4.701799999999999868e-01,1.280340000000000089e-01,4.553860000000000130e-01,-5.992290000000000116e-01,-1.036640000000000061e-01,-1.046770000000000062e-01,-5.585600000000000287e-02
-9.558300000000000129e-02,-1.012500000000000032e-02,5.987219999999999764e-01,-1.156314016314177323e-01,5.408934545730430254e-03,-9.224497268154973062e-01,3.683566530983907739e-01,-8.540879999999999583e-01,1.887949999999999906e-01,-4.321019999999999861e-01,1.148544000000000009e+00,-1.900709999999999900e-01,-2.478180000000000105e-01,1.413929999999999909e-01,-5.778590000000000115e-01,-4.427650000000000197e-01,1.484309000000000101e+00,-7.300410000000000510e-01,2.478110000000000035e-01,5.272199999999999803e-02,0.000000000000000000e+00,0.000000000000000000e+00,-1.138890000000000041e-01,-2.133410000000000029e-01,-5.702169999999999739e-01,-7.690869999999999651e-01,-2.156019999999999881e-01,-1.032939999999999969e-01,2.697109999999999785e-01,-7.647089999999999721e-01,5.657000000000000223e-02,3.557509999999999839e-01,-4.660270000000000246e-01,-1.631330000000000002e-01,-1.436499999999999930e-02,-1.052799999999999916e-02
-9.753900000000000070e-02,-2.301599999999999827e-02,5.857799999999999674e-01,-1.226307344800359606e-01,1.928880620008439212e-02,-9.165833636094945502e-01,3.800849674356609476e-01,-9.109620000000000495e-01,1.715949999999999975e-01,-4.438590000000000035e-01,1.257174000000000014e+00,-2.219260000000000121e-01,-2.478150000000000075e-01,1.226519999999999971e-01,-5.510569999999999080e-01,-3.833090000000000108e-01,1.545523999999999898e+00,-6.656509999999999927e-01,2.478069999999999995e-01,5.147199999999999692e-02,0.000000000000000000e+00,0.000000000000000000e+00,-8.082200000000000495e-02,-2.262180000000000024e-01,-5.917540000000000022e-01,-7.371180000000000510e-01,-1.957619999999999916e-01,-1.566059999999999952e-01,2.981389999999999874e-01,-1.080896999999999997e+00,-1.669999999999999935e-04,2.417140000000000122e-01,-1.935590000000000088e-01,-2.327819999999999889e-01,1.926779999999999882e-01,-1.549400000000000083e-02
-9.924700000000000188e-02,-3.377700000000000147e-02,5.756839999999999735e-01,-1.252373704538755350e-01,3.109249089113389972e-02,-9.137586696025420396e-01,3.852193554043931156e-01,-9.517790000000000417e-01,1.601459999999999828e-01,-4.548929999999999918e-01,1.337685000000000013e+00,-2.602869999999999906e-01,-2.478219999999999867e-01,1.024510000000000004e-01,-5.223819999999999020e-01,-3.373129999999999740e-01,1.583123999999999976e+00,-6.243940000000000046e-01,2.478589999999999960e-01,5.557900000000000340e-02,0.000000000000000000e+00,0.000000000000000000e+00,-8.412600000000000633e-02,-2.580890000000000128e-01,-5.947729999999999961e-01,-6.757859999999999978e-01,-1.768659999999999954e-01,-2.004450000000000121e-01,3.219759999999999844e-01,-1.371356000000000019e+00,-1.294820000000000138e-01,2.779260000000000064e-01,1.691999999999999893e-01,-5.643089999999999495e-01,4.637789999999999968e-01,-7.957599999999999396e-02
-1.014469999999999955e-01,-4.296900000000000025e-02,5.692150000000000265e-01,-1.257382636584623570e-01,4.586054459018266971e-02,-9.087417193843237984e-01,3.953165654920999250e-01,-9.885460000000000358e-01,1.403520000000000045e-01,-4.748959999999999848e-01,1.398743999999999987e+00,-2.937500000000000111e-01,-2.478190000000000115e-01,1.171439999999999981e-01,-4.903959999999999431e-01,-3.534630000000000272e-01,1.585202999999999918e+00,-6.151309999999999834e-01,2.478200000000000125e-01,7.060500000000000109e-02,0.000000000000000000e+00,0.000000000000000000e+00,-1.151269999999999932e-01,-2.737580000000000013e-01,-5.792000000000000481e-01,-6.328799999999999981e-01,-1.740369999999999973e-01,-1.972500000000000087e-01,3.434530000000000083e-01,-1.469972999999999974e+00,-2.170600000000000029e-01,4.188740000000000241e-01,3.127130000000000187e-01,-8.382990000000000164e-01,4.781639999999999779e-01,1.521999999999999915e-02
-1.037939999999999974e-01,-5.099999999999999672e-02,5.656649999999999734e-01,-1.269083845031054036e-01,6.085701440731203227e-02,-9.071594427635819580e-01,3.965506665548645948e-01,-1.020489999999999897e+00,1.422999999999999821e-01,-4.870840000000000169e-01,1.449049000000000031e+00,-3.044109999999999872e-01,-2.478190000000000115e-01,1.384819999999999940e-01,-4.488869999999999805e-01,-3.682710000000000150e-01,1.564395999999999898e+00,-6.182849999999999735e-01,2.477959999999999885e-01,7.549300000000000455e-02,0.000000000000000000e+00,0.000000000000000000e+00,-1.349029999999999951e-01,-2.658659999999999912e-01,-5.499279999999999724e-01,-6.517539999999999445e-01,-2.084930000000000117e-01,-1.716300000000000048e-01,3.542739999999999778e-01,-1.333690999999999960e+00,-1.109860000000000013e-01,3.454699999999999993e-01,6.161099999999999910e-02,-6.985550000000000370e-01,3.668139999999999734e-01,-7.553799999999999404e-02
-1.063429999999999931e-01,-5.773799999999999766e-02,5.646449999999999525e-01,-1.252697857524734670e-01,7.686704883837482127e-02,-9.058601168719343510e-01,3.972611058751837065e-01,-1.048402000000000056e+00,1.574380000000000224e-01,-4.929009999999999780e-01,1.475573000000000023e+00,-3.092159999999999909e-01,-2.478130000000000055e-01,1.587729999999999975e-01,-4.118559999999999999e-01,-3.904549999999999965e-01,1.533044999999999991e+00,-6.308420000000000138e-01,2.477739999999999942e-01,7.541799999999999893e-02,0.000000000000000000e+00,0.000000000000000000e+00,-1.610999999999999932e-01,-2.889519999999999866e-01,-5.110609999999999875e-01,-6.634039999999999937e-01,-1.981749999999999901e-01,-1.394160000000000121e-01,3.444800000000000084e-01,-1.070886000000000005e+00,-1.028300000000000047e-01,3.738009999999999944e-01,-2.141569999999999863e-01,-8.114999999999999991e-01,2.649590000000000001e-01,-1.447829999999999950e-01
-1.089370000000000061e-01,-6.364200000000000412e-02,5.644329999999999625e-01,-1.210265354099621521e-01,9.172405722337073630e-02,-8.997520405191574699e-01,4.091277803263394519e-01,-1.073857000000000061e+00,1.533229999999999871e-01,-4.990100000000000091e-01,1.487967000000000040e+00,-3.239040000000000252e-01,-2.478200000000000125e-01,1.955139999999999934e-01,-3.872860000000000191e-01,-4.450720000000000232e-01,1.492288999999999977e+00,-6.508410000000000029e-01,2.477699999999999902e-01,7.582300000000000151e-02,0.000000000000000000e+00,0.000000000000000000e+00,-1.834459999999999980e-01,-2.973430000000000240e-01,-4.981570000000000165e-01,-6.584860000000000158e-01,-2.043570000000000109e-01,-1.288040000000000018e-01,3.357879999999999754e-01,-8.034120000000000150e-01,-5.759100000000000330e-02,4.070900000000000074e-01,-4.253299999999999859e-01,-8.479189999999999783e-01,2.176800000000000124e-01,-1.684920000000000029e-01
-1.098750000000000004e-01,-6.832900000000000085e-02,5.625809999999999977e-01,-1.201609885655531840e-01,9.915915169892879077e-02,-8.943170728366639510e-01,4.194350637395005688e-01,-1.087083999999999939e+00,1.423439999999999983e-01,-4.991979999999999751e-01,1.504299999999999971e+00,-3.500559999999999783e-01,-2.478239999999999887e-01,2.227030000000000121e-01,-3.793750000000000178e-01,-4.813939999999999886e-01,1.474701999999999957e+00,-6.628469999999999640e-01,2.477689999999999892e-01,7.497900000000000398e-02,0.000000000000000000e+00,0.000000000000000000e+00,-1.728449999999999986e-01,-2.768379999999999730e-01,-5.234299999999999509e-01,-6.501219999999999777e-01,-2.034940000000000082e-01,-1.412509999999999877e-01,3.433620000000000005e-01,-7.523950000000000360e-01,-7.125599999999999989e-02,4.266110000000000180e-01,-4.689329999999999887e-01,-8.905549999999999855e-01,2.378669999999999951e-01,-1.840900000000000036e-01
-1.086600000000000066e-01,-7.133000000000000451e-02,5.595579999999999998e-01,-1.213846967101924051e-01,9.979294773406276187e-02,-8.942757404073248262e-01,4.190203134766288251e-01,-1.091660000000000075e+00,1.399640000000000051e-01,-4.907469999999999888e-01,1.525614000000000026e+00,-3.647130000000000094e-01,-2.478249999999999897e-01,2.144939999999999902e-01,-3.875510000000000344e-01,-4.699630000000000196e-01,1.493511000000000033e+00,-6.590840000000000032e-01,2.477719999999999922e-01,7.326100000000000667e-02,0.000000000000000000e+00,0.000000000000000000e+00,-1.290769999999999973e-01,-2.761950000000000238e-01,-5.646870000000000500e-01,-6.423229999999999773e-01,-1.777819999999999956e-01,-1.766800000000000037e-01,3.593250000000000055e-01,-9.223670000000000480e-01,-1.074510000000000048e-01,4.120679999999999898e-01,-3.145140000000000158e-01,-9.463129999999999598e-01,3.008040000000000158e-01,-2.266509999999999914e-01
-1.068719999999999948e-01,-7.303700000000000470e-02,5.575890000000000013e-01,-1.190807685664459908e-01,9.852681455538565836e-02,-8.970556200451108575e-01,4.140089998015440420e-01,-1.098047999999999913e+00,1.425970000000000015e-01,-4.811130000000000129e-01,1.539849999999999941e+00,-3.654140000000000166e-01,-2.478249999999999897e-01,1.866109999999999991e-01,-4.059380000000000210e-01,-4.462909999999999933e-01,1.518617000000000106e+00,-6.496420000000000528e-01,2.477739999999999942e-01,7.664100000000000079e-02,0.000000000000000000e+00,0.000000000000000000e+00,-8.974500000000000532e-02,-2.858970000000000122e-01,-6.051959999999999562e-01,-6.114359999999999795e-01,-1.606370000000000020e-01,-2.322660000000000002e-01,3.723609999999999975e-01,-1.198029999999999928e+00,-1.270189999999999930e-01,3.737829999999999764e-01,2.457300000000000109e-02,-9.466900000000000315e-01,3.829469999999999819e-01,-1.642849999999999866e-01
-1.060109999999999941e-01,-7.433700000000000030e-02,5.587389999999999857e-01,-1.127675173869044506e-01,9.504705240170532865e-02,-8.979464249837881828e-01,4.146586098358213124e-01,-1.100117999999999929e+00,1.331279999999999963e-01,-4.730679999999999885e-01,1.539404999999999912e+00,-3.672830000000000261e-01,-2.478289999999999937e-01,1.765160000000000062e-01,-4.309100000000000152e-01,-4.519110000000000071e-01,1.519133000000000067e+00,-6.477889999999999482e-01,2.477739999999999942e-01,8.940399999999999736e-02,0.000000000000000000e+00,0.000000000000000000e+00,-7.887399999999999967e-02,-2.830820000000000003e-01,-6.412670000000000314e-01,-5.624500000000000055e-01,-1.479479999999999962e-01,-2.658989999999999965e-01,3.742099999999999871e-01,-1.437955000000000094e+00,-8.085900000000000032e-02,2.351840000000000042e-01,4.271010000000000084e-01,-8.688500000000000112e-01,4.782890000000000197e-01,-8.489299999999999624e-02
-1.057700000000000029e-01,-7.493500000000000161e-02,5.643169999999999575e-01,-1.107131304946099848e-01,9.173669108606542777e-02,-8.993601603772584108e-01,4.128901599346431195e-01,-1.083900000000000086e+00,1.359660000000000035e-01,-4.682040000000000091e-01,1.522095999999999894e+00,-3.629780000000000229e-01,-2.478329999999999977e-01,1.804219999999999990e-01,-4.382719999999999949e-01,-4.590060000000000251e-01,1.494412000000000074e+00,-6.376060000000000061e-01,2.477630000000000110e-01,1.010299999999999948e-01,0.000000000000000000e+00,0.000000000000000000e+00,-8.883099999999999330e-02,-2.558469999999999911e-01,-6.555490000000000483e-01,-5.343029999999999724e-01,-1.414479999999999904e-01,-2.382180000000000131e-01,3.782550000000000079e-01,-1.477505000000000068e+00,-4.883099999999999941e-02,1.716209999999999958e-01,4.313890000000000224e-01,-8.001759999999999984e-01,4.317869999999999764e-01,-1.902820000000000067e-01
-1.049780000000000019e-01,-7.441399999999999404e-02,5.740610000000000435e-01,-1.143195093565606696e-01,8.490046372976327305e-02,-9.092519687947989704e-01,3.911314590795889612e-01,-1.040013000000000076e+00,1.770860000000000212e-01,-4.592249999999999943e-01,1.491333000000000020e+00,-3.497089999999999921e-01,-2.478219999999999867e-01,1.600189999999999946e-01,-4.403839999999999977e-01,-4.173609999999999820e-01,1.467586999999999975e+00,-5.923580000000000512e-01,2.477310000000000068e-01,9.933699999999999475e-02,0.000000000000000000e+00,0.000000000000000000e+00,-8.983399999999999719e-02,-2.116460000000000008e-01,-6.320179999999999687e-01,-5.621770000000000378e-01,-1.609700000000000020e-01,-1.905749999999999944e-01,3.824069999999999969e-01,-1.364751999999999965e+00,2.988499999999999837e-02,1.945699999999999930e-01,2.696259999999999768e-01,-5.853220000000000089e-01,2.084469999999999934e-01,-1.752070000000000016e-01
-1.036699999999999983e-01,-7.301699999999999857e-02,5.868970000000000020e-01,-1.177501486796799085e-01,7.619151127172567317e-02,-9.207855683653862755e-01,3.639830946432490166e-01,-9.827150000000000052e-01,2.311659999999999826e-01,-4.416930000000000023e-01,1.438916000000000084e+00,-3.322510000000000185e-01,-2.478190000000000115e-01,1.194640000000000007e-01,-4.480000000000000648e-01,-3.557190000000000074e-01,1.446245000000000003e+00,-5.151390000000000136e-01,2.477310000000000068e-01,9.353400000000000603e-02,0.000000000000000000e+00,0.000000000000000000e+00,-9.793100000000000416e-02,-1.898120000000000085e-01,-5.911070000000000491e-01,-5.975439999999999641e-01,-1.668860000000000066e-01,-1.513319999999999943e-01,3.792670000000000208e-01,-1.122071999999999958e+00,5.368599999999999761e-02,2.784499999999999753e-01,1.162429999999999991e-01,-5.229610000000000092e-01,4.477899999999999936e-02,-1.478760000000000074e-01
-1.022679999999999978e-01,-7.047699999999999798e-02,6.023570000000000313e-01,-1.203400125840482504e-01,6.821672104042290907e-02,-9.305565485200735232e-01,3.390121979341927938e-01,-9.189079999999999471e-01,2.865420000000000189e-01,-4.179200000000000137e-01,1.362465000000000037e+00,-3.074819999999999776e-01,-2.478150000000000075e-01,7.620799999999999796e-02,-4.467490000000000072e-01,-2.930360000000000187e-01,1.418293000000000026e+00,-4.210869999999999891e-01,2.477479999999999960e-01,8.439299999999999580e-02,0.000000000000000000e+00,0.000000000000000000e+00,-1.068400000000000044e-01,-1.705520000000000092e-01,-5.494409999999999572e-01,-6.266009999999999636e-01,-1.794509999999999994e-01,-1.260050000000000059e-01,3.637349999999999750e-01,-8.369830000000000325e-01,1.021699999999999969e-01,3.379039999999999822e-01,1.088599999999999984e-02,-4.147060000000000191e-01,-3.412699999999999761e-02,-1.291940000000000033e-01
-1.007880000000000026e-01,-6.657100000000000517e-02,6.196660000000000501e-01,-1.222527262936983911e-01,5.867215696564768990e-02,-9.386038438442230181e-01,3.172296852938036316e-01,-8.505890000000000395e-01,3.371290000000000120e-01,-3.863789999999999725e-01,1.267911999999999928e+00,-2.688809999999999811e-01,-2.478140000000000065e-01,5.032199999999999868e-02,-4.419919999999999405e-01,-2.479159999999999975e-01,1.371153000000000066e+00,-3.392560000000000020e-01,2.477580000000000060e-01,7.126100000000000489e-02,0.000000000000000000e+00,0.000000000000000000e+00,-1.067059999999999953e-01,-1.443740000000000023e-01,-5.202900000000000302e-01,-6.483440000000000314e-01,-2.045130000000000003e-01,-1.037619999999999931e-01,3.426930000000000254e-01,-5.805360000000000520e-01,1.026220000000000049e-01,3.952649999999999775e-01,-8.147699999999999387e-02,-3.394039999999999835e-01,-6.577099999999999613e-02,-1.146940000000000043e-01
-9.878399999999999681e-02,-6.165099999999999747e-02,6.376340000000000341e-01,-1.203649754725648474e-01,4.809582329081379948e-02,-9.450281834420622973e-01,3.002012607596171168e-01,-7.859500000000000375e-01,3.747369999999999868e-01,-3.486270000000000202e-01,1.161715999999999971e+00,-2.135749999999999871e-01,-2.478190000000000115e-01,4.629199999999999982e-02,-4.434299999999999908e-01,-2.367410000000000070e-01,1.302880999999999956e+00,-3.016289999999999805e-01,2.477530000000000010e-01,5.992299999999999710e-02,0.000000000000000000e+00,0.000000000000000000e+00,-9.522500000000000409e-02,-9.682599999999999540e-02,-5.091679999999999540e-01,-6.687349999999999683e-01,-2.381649999999999878e-01,-9.298399999999999721e-02,3.161889999999999978e-01,-3.452799999999999758e-01,9.311999999999999444e-02,4.542220000000000146e-01,-2.060859999999999914e-01,-1.918980000000000130e-01,-8.317199999999999593e-02,-9.130099999999999327e-02
-9.569700000000000428e-02,-5.675299999999999789e-02,6.551179999999999781e-01,-1.153963145193566131e-01,3.657545788000168829e-02,-9.524404126679801852e-01,2.796483269985101661e-01,-7.204049999999999621e-01,4.083589999999999720e-01,-2.988560000000000105e-01,1.053981000000000057e+00,-1.466040000000000121e-01,-2.478170000000000095e-01,4.806499999999999662e-02,-4.496229999999999949e-01,-2.352289999999999937e-01,1.221470999999999973e+00,-3.053580000000000183e-01,2.477479999999999960e-01,4.891100000000000309e-02,0.000000000000000000e+00,0.000000000000000000e+00,-8.634600000000000608e-02,-4.970800000000000218e-02,-4.992420000000000191e-01,-6.805189999999999850e-01,-2.701370000000000160e-01,-9.138400000000000689e-02,2.911369999999999791e-01,-1.885239999999999971e-01,5.351999999999999813e-02,5.102280000000000149e-01,-3.518180000000000196e-01,-1.121140000000000053e-01,-8.283000000000000085e-02,-8.744999999999999996e-02
-9.142100000000000226e-02,-5.297000000000000319e-02,6.719479999999999897e-01,-1.111247420680334386e-01,2.333223947009415919e-02,-9.624183004167208288e-01,2.466939669400405599e-01,-6.457580000000000542e-01,4.519340000000000024e-01,-2.275649999999999895e-01,9.565850000000000186e-01,-7.742699999999999583e-02,-2.478180000000000105e-01,3.647999999999999854e-02,-4.582420000000000382e-01,-2.109099999999999864e-01,1.141958000000000029e+00,-3.250259999999999816e-01,2.477620000000000100e-01,3.336499999999999883e-02,0.000000000000000000e+00,0.000000000000000000e+00,-4.667400000000000021e-02,-3.354399999999999743e-02,-5.026209999999999845e-01,-7.026820000000000288e-01,-3.010939999999999728e-01,-9.887600000000000555e-02,2.825389999999999846e-01,-1.063950000000000035e-01,-2.380000000000000117e-04,5.441399999999999570e-01,-4.650099999999999789e-01,-1.441939999999999888e-01,-8.610299999999999898e-02,-8.606500000000000261e-02
-8.641500000000000570e-02,-5.044099999999999973e-02,6.836459999999999759e-01,-1.068266151214409404e-01,7.437533623906267440e-03,-9.734271633838218474e-01,2.024161924891762776e-01,-5.647379999999999622e-01,4.940060000000000007e-01,-1.432839999999999947e-01,8.793429999999999858e-01,-5.597000000000000412e-03,-2.478160000000000085e-01,5.002000000000000370e-03,-4.848190000000000000e-01,-1.730470000000000064e-01,1.078454000000000024e+00,-3.515480000000000271e-01,2.477900000000000102e-01,1.796299999999999980e-02,0.000000000000000000e+00,0.000000000000000000e+00,8.593999999999999209e-03,-2.900900000000000006e-02,-5.013889999999999736e-01,-7.271720000000000406e-01,-3.083560000000000190e-01,-1.204039999999999971e-01,2.657780000000000142e-01,-6.373399999999999899e-02,-4.681000000000000265e-03,5.952309999999999546e-01,-5.336130000000000040e-01,-1.375740000000000018e-01,-7.331999999999999629e-02,-8.094999999999999418e-02
-8.103599999999999692e-02,-4.841600000000000070e-02,6.904719999999999747e-01,-1.013319313316757425e-01,-9.645250928117165765e-03,-9.828900390721084790e-01,1.535121490956175561e-01,-4.983190000000000119e-01,5.217000000000000526e-01,-7.001300000000000578e-02,8.385219999999999896e-01,5.945000000000000284e-02,-2.478150000000000075e-01,-3.353099999999999831e-02,-5.318419999999999259e-01,-1.692039999999999933e-01,1.023854999999999960e+00,-4.043849999999999945e-01,2.477979999999999905e-01,1.007699999999999915e-02,0.000000000000000000e+00,0.000000000000000000e+00,4.460299999999999682e-02,-1.901399999999999965e-02,-5.038080000000000336e-01,-7.437139999999999862e-01,-2.768140000000000045e-01,-1.335820000000000063e-01,2.420370000000000021e-01,-5.727700000000000152e-02,1.191200000000000071e-02,6.456769999999999454e-01,-5.646320000000000228e-01,-1.166060000000000013e-01,-6.353699999999999626e-02,-8.419400000000000495e-02
-7.570399999999999352e-02,-4.661400000000000265e-02,6.924700000000000299e-01,-9.602997096264632992e-02,-2.699878598614767478e-02,-9.896797678869682091e-01,1.028750079824256314e-01,-4.509940000000000060e-01,5.347660000000000746e-01,-2.462100000000000052e-02,8.371830000000000105e-01,1.059520000000000045e-01,-2.478239999999999887e-01,-8.101200000000000068e-02,-5.762429999999999497e-01,-1.752279999999999949e-01,9.816529999999999978e-01,-4.726299999999999946e-01,2.477840000000000042e-01,7.230999999999999581e-03,0.000000000000000000e+00,0.000000000000000000e+00,4.801099999999999812e-02,-6.864999999999999575e-03,-5.079550000000000454e-01,-7.440050000000000274e-01,-2.492060000000000108e-01,-1.213690000000000047e-01,2.321580000000000032e-01,-8.562000000000000166e-02,1.839100000000000110e-02,6.708499999999999464e-01,-5.670479999999999965e-01,-1.534330000000000138e-01,-6.126100000000000295e-02,-9.536400000000000432e-02
-7.086800000000000044e-02,-4.542399999999999910e-02,6.897609999999999575e-01,-9.289945723757905838e-02,-4.414409110758175242e-02,-9.932901402915730316e-01,5.287425899997100220e-02,-4.174860000000000237e-01,5.380759999999999987e-01,-4.212999999999999731e-03,8.655370000000000008e-01,1.418810000000000071e-01,-2.478470000000000117e-01,-1.583160000000000123e-01,-5.765439999999999454e-01,-8.577500000000000402e-02,9.807590000000000474e-01,-5.321569999999999911e-01,2.477880000000000082e-01,1.979999999999999881e-04,0.000000000000000000e+00,0.000000000000000000e+00,5.471399999999999875e-02,1.818499999999999978e-02,-5.257389999999999564e-01,-7.612619999999999942e-01,-2.173059999999999992e-01,-1.010429999999999939e-01,2.365120000000000000e-01,-1.318290000000000017e-01,1.845199999999999965e-02,6.818910000000000249e-01,-5.306250000000000133e-01,-1.933620000000000061e-01,-7.392200000000000160e-02,-1.272129999999999928e-01
-6.776699999999999391e-02,-4.485700000000000104e-02,6.873160000000000380e-01,-9.345220530047550211e-02,-6.044298980861070869e-02,-9.937780034522436523e-01,4.313949692142124079e-03,-3.979010000000000047e-01,5.416799999999999393e-01,-2.595999999999999783e-03,9.131989999999999830e-01,1.787769999999999915e-01,-2.477910000000000112e-01,-2.461820000000000119e-01,-5.547109999999999541e-01,3.727699999999999764e-02,1.019387999999999961e+00,-5.797480000000000411e-01,2.478029999999999955e-01,-6.904000000000000414e-03,0.000000000000000000e+00,0.000000000000000000e+00,5.820199999999999679e-02,4.717699999999999672e-02,-5.145030000000000436e-01,-7.740890000000000271e-01,-1.915280000000000038e-01,-8.848599999999999521e-02,2.460809999999999942e-01,-1.533640000000000003e-01,3.530300000000000105e-02,7.034519999999999662e-01,-4.937079999999999802e-01,-1.881899999999999962e-01,-6.899800000000000377e-02,-1.622170000000000001e-01
-6.580800000000000538e-02,-4.575200000000000100e-02,6.814390000000000169e-01,-9.729055700052467726e-02,-7.440926731739928857e-02,-9.918497603651018624e-01,-3.509788198033465118e-02,-3.925370000000000248e-01,5.357190000000000563e-01,-1.198600000000000013e-02,9.800269999999999815e-01,2.198009999999999964e-01,-2.477900000000000102e-01,-3.154129999999999989e-01,-5.374759999999999538e-01,1.322730000000000017e-01,1.067422000000000093e+00,-6.190240000000000187e-01,2.478190000000000115e-01,-9.502999999999999295e-03,0.000000000000000000e+00,0.000000000000000000e+00,5.077299999999999869e-02,6.239100000000000201e-02,-4.789619999999999989e-01,-7.677289999999999948e-01,-1.874699999999999978e-01,-8.772299999999999542e-02,2.506999999999999784e-01,-1.360959999999999948e-01,5.505800000000000277e-02,7.106350000000000167e-01,-4.760389999999999899e-01,-1.928040000000000032e-01,-6.701699999999999324e-02,-1.722710000000000075e-01
-6.451700000000000490e-02,-4.816399999999999848e-02,6.744149999999999867e-01,-1.029369466736795025e-01,-8.871856387538298860e-02,-9.884649905899509648e-01,-6.685778796368989363e-02,-3.959550000000000014e-01,5.225159999999999805e-01,-2.722099999999999867e-02,1.053530999999999995e+00,2.575129999999999919e-01,-2.477920000000000122e-01,-3.763540000000000219e-01,-5.266629999999999923e-01,2.112120000000000108e-01,1.121523999999999965e+00,-6.448530000000000095e-01,2.478239999999999887e-01,-6.858999999999999646e-03,0.000000000000000000e+00,0.000000000000000000e+00,1.782299999999999857e-02,7.247000000000000663e-02,-4.397199999999999998e-01,-7.606600000000000028e-01,-1.625409999999999910e-01,-8.670999999999999541e-02,2.653209999999999735e-01,-1.153959999999999986e-01,6.208400000000000030e-02,7.022140000000000049e-01,-4.607430000000000136e-01,-2.333449999999999969e-01,-7.657500000000000417e-02,-1.789020000000000055e-01
-6.418799999999999506e-02,-5.258100000000000274e-02,6.682949999999999724e-01,-1.077823511293657527e-01,-1.015841291797617840e-01,-9.841151296153399786e-01,-9.788279290047773029e-02,-3.991029999999999855e-01,5.099409999999999776e-01,-3.830499999999999877e-02,1.125448000000000004e+00,2.672709999999999808e-01,-2.477939999999999865e-01,-4.284939999999999860e-01,-5.118280000000000607e-01,2.814599999999999880e-01,1.162009000000000070e+00,-6.603919999999999790e-01,2.478219999999999867e-01,-2.680999999999999790e-03,0.000000000000000000e+00,0.000000000000000000e+00,-3.197799999999999948e-02,9.061500000000000110e-02,-3.943450000000000011e-01,-7.600850000000000106e-01,-1.093520000000000048e-01,-8.383300000000000474e-02,2.776399999999999979e-01,-8.338199999999999779e-02,7.198200000000000431e-02,7.011209999999999942e-01,-4.436249999999999916e-01,-2.737470000000000181e-01,-9.142100000000000226e-02,-1.880840000000000012e-01
-6.471799999999999775e-02,-5.972800000000000331e-02,6.634839999999999627e-01,-1.104380371056853938e-01,-1.138269520660761674e-01,-9.792234072155510116e-01,-1.263660702275642977e-01,-3.951189999999999980e-01,4.825760000000000050e-01,-6.993099999999999317e-02,1.183934000000000042e+00,1.848370000000000013e-01,-2.477900000000000102e-01,-4.712040000000000117e-01,-5.013039999999999718e-01,3.421469999999999789e-01,1.181518000000000068e+00,-6.627199999999999758e-01,2.478160000000000085e-01,3.188999999999999994e-03,0.000000000000000000e+00,0.000000000000000000e+00,-1.120020000000000043e-01,1.277959999999999929e-01,-3.407129999999999881e-01,-7.582969999999999988e-01,-4.862999999999999962e-02,-7.021099999999999564e-02,3.022429999999999839e-01,-5.746500000000000219e-02,8.446599999999999941e-02,7.049600000000000311e-01,-4.288690000000000002e-01,-2.881000000000000227e-01,-1.032349999999999934e-01,-1.861849999999999894e-01
-6.506000000000000671e-02,-7.003900000000000403e-02,6.573729999999999851e-01,-1.091050321508091753e-01,-1.240510804763275271e-01,-9.745980493801007505e-01,-1.512152886996859791e-01,-3.924239999999999950e-01,4.779570000000000207e-01,-5.443599999999999828e-02,1.203160000000000007e+00,-2.087800000000000072e-02,-2.477900000000000102e-01,-5.240000000000000213e-01,-4.921729999999999716e-01,3.972729999999999873e-01,1.202018999999999949e+00,-6.533689999999999776e-01,2.478259999999999907e-01,4.138000000000000185e-03,0.000000000000000000e+00,0.000000000000000000e+00,-2.631189999999999918e-01,2.094669999999999865e-01,-2.615450000000000275e-01,-7.303150000000000475e-01,3.117699999999999985e-02,-2.770799999999999999e-02,3.563490000000000268e-01,-4.617600000000000177e-02,9.512600000000000222e-02,6.998370000000000424e-01,-4.099900000000000211e-01,-3.218770000000000242e-01,-1.209820000000000062e-01,-1.952329999999999899e-01
-6.532599999999999518e-02,-8.221900000000000042e-02,6.493700000000000028e-01,-1.042274335253445816e-01,-1.301791788598445909e-01,-9.705514234070128365e-01,-1.738388852205333679e-01,-3.951669999999999905e-01,5.143029999999999546e-01,-2.360000000000000119e-03,1.151636000000000104e+00,-2.151810000000000112e-01,-2.474929999999999908e-01,-5.806660000000000155e-01,-4.736939999999999484e-01,4.465560000000000085e-01,1.224903999999999993e+00,-6.411480000000000512e-01,2.478269999999999917e-01,3.608000000000000096e-03,0.000000000000000000e+00,0.000000000000000000e+00,-5.026230000000000420e-01,3.619999999999999885e-01,-2.071449999999999958e-01,-6.364269999999999650e-01,7.001799999999999691e-02,5.628999999999999976e-02,4.087529999999999775e-01,-4.548100000000000059e-02,1.111899999999999972e-01,6.883890000000000287e-01,-3.789040000000000186e-01,-3.711400000000000254e-01,-1.381979999999999875e-01,-2.217959999999999932e-01
-6.619099999999999984e-02,-9.545199999999999518e-02,6.393189999999999706e-01,-9.796199504733733854e-02,-1.309719421567368813e-01,-9.677773129853685097e-01,-1.914598400836527159e-01,-4.079949999999999966e-01,5.620640000000000081e-01,3.380600000000000271e-02,1.046178000000000052e+00,-3.414550000000000085e-01,-2.403460000000000041e-01,-6.274039999999999617e-01,-4.530659999999999688e-01,4.809570000000000234e-01,1.247803999999999913e+00,-6.388559999999999794e-01,2.478229999999999877e-01,4.684999999999999928e-03,0.000000000000000000e+00,0.000000000000000000e+00,-8.157780000000000031e-01,5.976690000000000058e-01,-2.261839999999999962e-01,-4.236159999999999926e-01,1.847880000000000078e-01,2.073270000000000113e-01,3.893519999999999759e-01,-6.196999999999999731e-02,1.400460000000000038e-01,6.829370000000000163e-01,-3.407529999999999726e-01,-4.187569999999999903e-01,-1.459129999999999872e-01,-2.308409999999999906e-01
-6.768699999999999717e-02,-1.092039999999999955e-01,6.270620000000000083e-01,-8.970411524996184383e-02,-1.281220833288340410e-01,-9.665319319786129793e-01,-2.033566520583742765e-01,-4.486950000000000105e-01,5.395639999999999326e-01,4.270000000000000358e-03,9.575559999999999627e-01,-3.877769999999999828e-01,-2.474609999999999865e-01,-6.731399999999999606e-01,-4.344780000000000308e-01,5.060400000000000453e-01,1.275700999999999974e+00,-6.361839999999999717e-01,2.478210000000000135e-01,-4.483000000000000006e-03,0.000000000000000000e+00,0.000000000000000000e+00,-1.162290999999999963e+00,7.885299999999999532e-01,-3.916520000000000001e-01,-8.335700000000000054e-02,3.400320000000000009e-01,3.975389999999999757e-01,2.595330000000000137e-01,-9.163499999999999424e-02,1.681690000000000129e-01,6.735900000000000221e-01,-3.058429999999999760e-01,-4.830760000000000054e-01,-1.605600000000000083e-01,-2.431939999999999935e-01
-7.041999999999999649e-02,-1.237619999999999970e-01,6.120409999999999462e-01,-7.533530371808820625e-02,-1.197821244040042088e-01,-9.669087109837067873e-01,-2.122837236125123817e-01,-5.194370000000000376e-01,4.558380000000000765e-01,-5.720000000000000084e-02,1.003085000000000004e+00,-3.964050000000000074e-01,-2.477920000000000122e-01,-7.231210000000000138e-01,-4.099619999999999931e-01,5.235659999999999759e-01,1.301214000000000093e+00,-6.374819999999999931e-01,2.478249999999999897e-01,-3.409299999999999831e-02,0.000000000000000000e+00,0.000000000000000000e+00,-1.468282000000000087e+00,9.030280000000000529e-01,-6.644130000000000313e-01,2.686419999999999919e-01,5.992880000000000429e-01,4.803089999999999860e-01,1.278779999999999917e-01,-1.295779999999999987e-01,1.946450000000000125e-01,6.571010000000000462e-01,-2.864979999999999749e-01,-5.635759999999999659e-01,-1.699219999999999897e-01,-2.743789999999999840e-01
-7.460899999999999477e-02,-1.365169999999999995e-01,6.000410000000000466e-01,-6.458516895106226896e-02,-1.144653074484141553e-01,-9.658376318736885402e-01,-2.233475278549732490e-01,-6.060870000000000424e-01,5.041379999999999750e-01,-7.217600000000000404e-02,1.104422000000000015e+00,-4.177469999999999795e-01,-2.478100000000000025e-01,-7.626309999999999478e-01,-3.884779999999999900e-01,5.397389999999999688e-01,1.316688999999999998e+00,-6.372630000000000239e-01,2.478090000000000015e-01,-6.036500000000000199e-02,0.000000000000000000e+00,0.000000000000000000e+00,-1.484895000000000076e+00,9.664019999999999833e-01,-7.138539999999999885e-01,2.613960000000000172e-01,8.054109999999999880e-01,4.620230000000000170e-01,9.561999999999999666e-02,-1.400820000000000121e-01,2.141619999999999913e-01,6.441379999999999884e-01,-2.553920000000000079e-01,-6.500310000000000255e-01,-1.906779999999999864e-01,-2.944640000000000035e-01
-8.052299999999999736e-02,-1.502169999999999894e-01,5.893100000000000005e-01,-7.149447117609422642e-02,-1.140801181206537035e-01,-9.657079274696159787e-01,-2.219965451604308804e-01,-6.463299999999999601e-01,4.822570000000000467e-01,-8.057300000000000573e-02,1.203646999999999911e+00,-4.235869999999999913e-01,-2.479320000000000135e-01,-7.667370000000000019e-01,-4.108880000000000310e-01,5.466830000000000300e-01,1.328470000000000040e+00,-6.357110000000000261e-01,2.477920000000000122e-01,-6.540100000000000080e-02,0.000000000000000000e+00,0.000000000000000000e+00,-1.483665999999999929e+00,8.973139999999999450e-01,-6.079229999999999912e-01,6.977999999999999481e-02,5.830060000000000242e-01,4.123109999999999831e-01,8.520199999999999996e-02,-9.868799999999999795e-02,2.118170000000000053e-01,6.006930000000000325e-01,-2.648940000000000183e-01,-6.665879999999999583e-01,-1.885199999999999931e-01,-2.816199999999999815e-01
-8.840199999999999447e-02,-1.632059999999999900e-01,5.834019999999999762e-01,-8.649793936924486670e-02,-1.155244587943301954e-01,-9.645076654176196751e-01,-2.211270432484553072e-01,-6.479260000000000019e-01,4.609620000000000384e-01,-7.705700000000000049e-02,1.290599999999999969e+00,-4.660250000000000226e-01,-2.478769999999999862e-01,-7.471200000000000063e-01,-4.446910000000000029e-01,5.545569999999999666e-01,1.326478000000000046e+00,-6.258620000000000294e-01,2.477800000000000002e-01,-6.219000000000000222e-02,0.000000000000000000e+00,0.000000000000000000e+00,-1.439613999999999949e+00,9.832149999999999501e-01,-6.496840000000000392e-01,-1.578539999999999943e-01,5.319859999999999589e-01,3.529240000000000155e-01,9.719400000000000261e-02,-3.512099999999999944e-02,1.996140000000000136e-01,5.751169999999999893e-01,-2.792259999999999742e-01,-6.243809999999999638e-01,-1.567250000000000032e-01,-2.510260000000000269e-01
-9.666500000000000092e-02,-1.742859999999999965e-01,5.792410000000000059e-01,-9.930336656539699713e-02,-1.122451047082089343e-01,-9.606341329606917778e-01,-2.339272118601889161e-01,-6.234509999999999774e-01,4.725800000000000001e-01,-5.891099999999999809e-02,1.357347999999999999e+00,-5.122229999999999839e-01,-2.478750000000000120e-01,-7.339310000000000000e-01,-4.469880000000000519e-01,5.695770000000000000e-01,1.317882999999999916e+00,-6.033490000000000242e-01,2.477779999999999982e-01,-5.508899999999999908e-02,0.000000000000000000e+00,0.000000000000000000e+00,-1.278616999999999893e+00,1.061047999999999991e+00,-6.583799999999999653e-01,-3.283809999999999785e-01,4.018260000000000165e-01,3.580990000000000006e-01,1.432960000000000067e-01,1.788000000000000093e-03,1.767610000000000015e-01,5.754629999999999468e-01,-2.698130000000000250e-01,-6.007010000000000405e-01,-1.282139999999999946e-01,-2.124620000000000120e-01
-1.035049999999999998e-01,-1.832719999999999905e-01,5.764230000000000187e-01,-1.107744116814559365e-01,-1.058655663391372126e-01,-9.554604802010308040e-01,-2.522236752454782294e-01,-5.835789999999999589e-01,4.982050000000000090e-01,-3.202699999999999991e-02,1.402098999999999984e+00,-5.530270000000000463e-01,-2.478740000000000110e-01,-7.204810000000000381e-01,-4.294499999999999984e-01,5.898090000000000277e-01,1.305279000000000078e+00,-5.883770000000000389e-01,2.477800000000000002e-01,-4.457300000000000151e-02,0.000000000000000000e+00,0.000000000000000000e+00,-1.224855000000000027e+00,1.181442000000000103e+00,-7.181570000000000453e-01,-2.933850000000000069e-01,4.626020000000000132e-01,4.199510000000000187e-01,1.541420000000000012e-01,1.562099999999999947e-02,1.530610000000000026e-01,6.107879999999999976e-01,-2.520499999999999963e-01,-6.402569999999999650e-01,-1.125199999999999950e-01,-2.095579999999999943e-01
-1.077739999999999948e-01,-1.897149999999999948e-01,5.751309999999999478e-01,-1.191674132382195550e-01,-9.431842998090425589e-02,-9.530229888250163484e-01,-2.620121068940927112e-01,-5.666949999999999488e-01,5.211109999999999909e-01,-3.271400000000000002e-02,1.430468000000000073e+00,-5.771939999999999849e-01,-2.478839999999999932e-01,-6.902040000000000397e-01,-4.099949999999999983e-01,5.943770000000000442e-01,1.286772000000000027e+00,-5.868480000000000363e-01,2.477689999999999892e-01,-3.750599999999999767e-02,0.000000000000000000e+00,0.000000000000000000e+00,-1.307498999999999967e+00,1.217122999999999955e+00,-8.171509999999999607e-01,-7.857599999999999307e-02,6.415790000000000104e-01,4.783490000000000242e-01,1.689170000000000116e-01,3.714999999999999986e-03,1.422239999999999893e-01,6.601500000000000146e-01,-2.423879999999999924e-01,-7.181849999999999623e-01,-1.071050000000000058e-01,-2.416139999999999954e-01
-1.104640000000000066e-01,-1.937460000000000016e-01,5.753059999999999841e-01,-1.170410051630553644e-01,-7.564408428461172340e-02,-9.543407353084960576e-01,-2.642217563979230022e-01,-5.937040000000000095e-01,5.479819999999999691e-01,-6.861699999999999744e-02,1.446331000000000033e+00,-5.822690000000000365e-01,-2.478789999999999882e-01,-6.630810000000000315e-01,-3.842039999999999900e-01,5.749720000000000386e-01,1.270243000000000011e+00,-5.901300000000000434e-01,2.477699999999999902e-01,-4.172399999999999720e-02,0.000000000000000000e+00,0.000000000000000000e+00,-1.468055000000000110e+00,1.120322000000000040e+00,-7.994339999999999780e-01,3.238570000000000060e-01,7.361710000000000198e-01,4.853020000000000111e-01,1.338129999999999875e-01,-3.834699999999999914e-02,1.349180000000000101e-01,6.948400000000000132e-01,-2.417469999999999897e-01,-7.712290000000000534e-01,-1.026169999999999999e-01,-2.721439999999999970e-01
-1.137459999999999999e-01,-1.954359999999999986e-01,5.786879999999999802e-01,-1.057054942763666627e-01,-5.501215360103372393e-02,-9.564182055989511877e-01,-2.665787452796035129e-01,-6.315570000000000350e-01,5.807209999999999317e-01,-1.069859999999999978e-01,1.441658000000000106e+00,-5.759309999999999707e-01,-2.478630000000000000e-01,-6.422320000000000251e-01,-3.518590000000000328e-01,5.452430000000000332e-01,1.245044999999999957e+00,-5.952939999999999898e-01,2.477830000000000032e-01,-5.947500000000000009e-02,0.000000000000000000e+00,0.000000000000000000e+00,-1.484904999999999919e+00,1.070367000000000068e+00,-6.851720000000000033e-01,5.396419999999999551e-01,9.949930000000000163e-01,4.835490000000000066e-01,9.108199999999999630e-02,-8.085000000000000520e-02,1.369390000000000052e-01,7.216219999999999857e-01,-2.229569999999999885e-01,-7.922940000000000538e-01,-1.029869999999999952e-01,-2.895099999999999896e-01
-1.178560000000000024e-01,-1.953789999999999971e-01,5.853080000000000505e-01,-1.023957946788634499e-01,-4.473005779896730566e-02,-9.598208445785977316e-01,-2.574068170694250313e-01,-6.352820000000000134e-01,5.811870000000000092e-01,-1.280640000000000112e-01,1.418760000000000021e+00,-5.673589999999999467e-01,-2.478559999999999930e-01,-6.034779999999999589e-01,-3.588480000000000003e-01,5.130869999999999598e-01,1.209408000000000039e+00,-5.904199999999999449e-01,2.477840000000000042e-01,-7.090399999999999481e-02,0.000000000000000000e+00,0.000000000000000000e+00,-1.484196999999999989e+00,9.571190000000000531e-01,-6.752820000000000489e-01,4.207830000000000181e-01,9.799619999999999997e-01,4.349370000000000180e-01,1.208850000000000063e-01,-9.328599999999999393e-02,1.290469999999999950e-01,6.921110000000000317e-01,-2.063129999999999964e-01,-7.868650000000000366e-01,-1.024680000000000035e-01,-2.791420000000000012e-01
-1.227589999999999931e-01,-1.937760000000000038e-01,5.955470000000000486e-01,-1.098614070049367536e-01,-4.595783922910462449e-02,-9.654353538563675841e-01,-2.318467722193210956e-01,-6.003770000000000495e-01,5.433280000000000332e-01,-1.311009999999999953e-01,1.373647999999999980e+00,-5.503289999999999571e-01,-2.478630000000000000e-01,-5.353630000000000333e-01,-4.160739999999999994e-01,4.725019999999999776e-01,1.161353000000000080e+00,-5.713190000000000213e-01,2.477759999999999962e-01,-6.550799999999999679e-02,0.000000000000000000e+00,0.000000000000000000e+00,-1.451538999999999913e+00,9.194309999999999983e-01,-7.593619999999999814e-01,2.062430000000000097e-01,8.243589999999999529e-01,3.205290000000000084e-01,1.400899999999999923e-01,-4.859600000000000031e-02,9.776100000000000068e-02,6.281309999999999949e-01,-2.189369999999999927e-01,-7.446720000000000006e-01,-1.028059999999999946e-01,-2.526680000000000037e-01
-1.287290000000000101e-01,-1.911670000000000036e-01,6.096129999999999605e-01,-1.160591151367516421e-01,-4.829549037641601983e-02,-9.717494769002762434e-01,-1.997517998592635291e-01,-5.602570000000000050e-01,4.987299999999999511e-01,-1.324359999999999982e-01,1.307986000000000093e+00,-5.210449999999999804e-01,-2.478640000000000010e-01,-4.487630000000000230e-01,-4.853040000000000131e-01,4.105039999999999800e-01,1.093396000000000035e+00,-5.338300000000000267e-01,2.477520000000000000e-01,-5.151200000000000223e-02,0.000000000000000000e+00,0.000000000000000000e+00,-1.247279999999999944e+00,9.061989999999999768e-01,-7.604929999999999746e-01,-6.866899999999999393e-02,5.579520000000000035e-01,2.640440000000000009e-01,1.403729999999999978e-01,3.151700000000000335e-02,7.353700000000000514e-02,5.712660000000000515e-01,-2.336239999999999983e-01,-6.237599999999999811e-01,-1.096300000000000052e-01,-2.037299999999999944e-01
-1.353010000000000046e-01,-1.884240000000000081e-01,6.259850000000000136e-01,-1.174161505930847449e-01,-4.659497054844669722e-02,-9.774020082112353514e-01,-1.694923911098535074e-01,-5.230529999999999902e-01,4.670819999999999972e-01,-1.342299999999999882e-01,1.227529000000000092e+00,-4.804149999999999809e-01,-2.478539999999999910e-01,-3.637659999999999783e-01,-5.436099999999999266e-01,3.322890000000000010e-01,1.013522000000000034e+00,-4.706279999999999908e-01,2.477560000000000040e-01,-3.521300000000000124e-02,0.000000000000000000e+00,0.000000000000000000e+00,-9.468050000000000077e-01,8.625850000000000461e-01,-6.960110000000000463e-01,-3.225830000000000086e-01,3.061960000000000237e-01,2.449520000000000031e-01,1.580640000000000100e-01,1.043329999999999952e-01,6.328599999999999504e-02,5.300359999999999516e-01,-2.363149999999999973e-01,-4.946490000000000054e-01,-1.099770000000000053e-01,-1.633809999999999985e-01
-1.413020000000000109e-01,-1.862590000000000079e-01,6.428589999999999582e-01,-1.138375440612204720e-01,-4.230931916342717952e-02,-9.823794323079825253e-01,-1.420619092236997116e-01,-4.916699999999999959e-01,4.436250000000000471e-01,-1.361700000000000133e-01,1.139059000000000044e+00,-4.332750000000000212e-01,-2.478329999999999977e-01,-2.977279999999999927e-01,-5.868999999999999773e-01,2.508389999999999787e-01,9.410239999999999716e-01,-3.732940000000000147e-01,2.477640000000000120e-01,-1.684000000000000080e-02,0.000000000000000000e+00,0.000000000000000000e+00,-6.537560000000000038e-01,7.682579999999999965e-01,-5.900689999999999547e-01,-5.000029999999999752e-01,2.266680000000000084e-01,2.240379999999999872e-01,2.108750000000000069e-01,1.534449999999999981e-01,4.678100000000000314e-02,5.113130000000000175e-01,-2.446039999999999881e-01,-4.277219999999999911e-01,-1.104659999999999948e-01,-1.298640000000000072e-01
-1.462819999999999954e-01,-1.842749999999999944e-01,6.584349999999999925e-01,-1.047965464092931037e-01,-3.753237981449721733e-02,-9.869793501218472320e-01,-1.161067041957584006e-01,-4.760289999999999799e-01,4.248210000000000042e-01,-1.424429999999999863e-01,1.049884000000000039e+00,-3.767409999999999926e-01,-2.478229999999999877e-01,-2.510249999999999981e-01,-6.160949999999999482e-01,1.836139999999999994e-01,8.795500000000000540e-01,-2.580950000000000188e-01,2.477870000000000072e-01,1.572000000000000047e-03,0.000000000000000000e+00,0.000000000000000000e+00,-3.770049999999999790e-01,5.445719999999999450e-01,-4.695529999999999982e-01,-6.211470000000000047e-01,9.230099999999999416e-02,1.920810000000000017e-01,2.544919999999999960e-01,1.986479999999999912e-01,3.573400000000000187e-02,5.165279999999999871e-01,-2.671259999999999746e-01,-3.459829999999999850e-01,-1.198390000000000011e-01,-9.688199999999999590e-02
-1.499929999999999874e-01,-1.821520000000000084e-01,6.709580000000000544e-01,-9.170494203783416398e-02,-2.856814943034014648e-02,-9.911058766566775979e-01,-9.210431966287954686e-02,-4.825320000000000165e-01,4.143919999999999826e-01,-1.625199999999999978e-01,9.732560000000000100e-01,-3.142750000000000266e-01,-2.478019999999999945e-01,-2.162389999999999868e-01,-6.283769999999999634e-01,1.218840000000000062e-01,8.294340000000000046e-01,-1.631140000000000090e-01,2.478390000000000037e-01,1.586100000000000010e-02,0.000000000000000000e+00,0.000000000000000000e+00,-1.890010000000000023e-01,3.074509999999999743e-01,-3.972729999999999873e-01,-7.074230000000000240e-01,-1.565799999999999831e-02,1.318759999999999932e-01,2.734469999999999956e-01,2.184750000000000025e-01,3.774099999999999677e-02,5.262099999999999556e-01,-3.032690000000000108e-01,-2.591200000000000170e-01,-1.174000000000000044e-01,-8.445099999999999829e-02
-1.519000000000000072e-01,-1.790569999999999939e-01,6.792319999999999469e-01,-7.890571374686231043e-02,-1.576385708897780694e-02,-9.945915379506407028e-01,-6.567390489955500510e-02,-5.143849999999999811e-01,4.080469999999999375e-01,-2.020990000000000009e-01,9.245759999999999534e-01,-2.500029999999999752e-01,-2.477880000000000082e-01,-1.868239999999999901e-01,-6.334999999999999520e-01,4.252800000000000330e-02,8.049920000000000408e-01,-1.144430000000000031e-01,2.478619999999999990e-01,2.765499999999999903e-02,0.000000000000000000e+00,0.000000000000000000e+00,-9.526400000000000146e-02,1.556130000000000013e-01,-3.731590000000000185e-01,-7.456319999999999615e-01,2.834499999999999867e-02,6.407799999999999607e-02,2.312430000000000041e-01,1.972780000000000089e-01,3.950599999999999945e-02,5.233860000000000179e-01,-3.426069999999999949e-01,-2.144449999999999967e-01,-1.043680000000000024e-01,-8.419999999999999707e-02
-1.526319999999999899e-01,-1.751000000000000056e-01,6.820479999999999876e-01,-6.866906153349718045e-02,-2.186804066330606464e-03,-9.969837784764861155e-01,-3.609879957606931117e-02,-5.631180000000000074e-01,3.985649999999999471e-01,-2.507059999999999844e-01,9.062689999999999912e-01,-2.072430000000000105e-01,-2.477900000000000102e-01,-1.522759999999999947e-01,-6.368430000000000479e-01,-4.788400000000000295e-02,7.976130000000000164e-01,-1.064200000000000007e-01,2.478619999999999990e-01,3.599900000000000322e-02,0.000000000000000000e+00,0.000000000000000000e+00,-7.057399999999999785e-02,4.510600000000000026e-02,-4.057069999999999843e-01,-7.345420000000000282e-01,-5.374999999999999570e-03,1.680600000000000149e-02,1.862090000000000134e-01,1.756659999999999888e-01,3.655900000000000122e-02,5.266969999999999708e-01,-4.024039999999999839e-01,-2.000099999999999933e-01,-8.496700000000000086e-02,-9.316900000000000182e-02
-1.530289999999999984e-01,-1.705959999999999976e-01,6.797959999999999559e-01,-6.081607726001746206e-02,1.332534569991659229e-02,-9.980391290080670164e-01,-6.460408462345900230e-03,-6.175389999999999491e-01,3.980159999999999809e-01,-2.899370000000000003e-01,9.060890000000000333e-01,-2.074570000000000025e-01,-2.477989999999999915e-01,-1.087540000000000034e-01,-6.246160000000000601e-01,-1.332500000000000073e-01,7.962160000000000348e-01,-1.370500000000000052e-01,2.478299999999999947e-01,3.837600000000000039e-02,0.000000000000000000e+00,0.000000000000000000e+00,-7.801700000000000301e-02,-7.021999999999999596e-03,-4.421240000000000170e-01,-7.028529999999999500e-01,-6.734400000000000108e-02,-2.807000000000000033e-03,1.691719999999999891e-01,1.587290000000000090e-01,2.246300000000000033e-02,5.141970000000000152e-01,-4.491419999999999857e-01,-1.955860000000000098e-01,-7.552599999999999592e-02,-1.046600000000000030e-01
-1.537219999999999975e-01,-1.665490000000000026e-01,6.748680000000000234e-01,-5.543895709527324467e-02,2.913723314927572916e-02,-9.977803348545509765e-01,2.262624710669763894e-02,-6.703329999999999567e-01,3.963569999999999593e-01,-3.289239999999999942e-01,9.170019999999999838e-01,-2.420769999999999866e-01,-2.478259999999999907e-01,-6.584600000000000175e-02,-6.004359999999999697e-01,-2.002980000000000038e-01,8.068849999999999634e-01,-2.000740000000000018e-01,2.478150000000000075e-01,3.644300000000000317e-02,0.000000000000000000e+00,0.000000000000000000e+00,-1.005920000000000009e-01,-1.524299999999999961e-02,-4.677020000000000066e-01,-6.711669999999999581e-01,-1.081030000000000046e-01,-4.067000000000000302e-03,1.398359999999999881e-01,1.516949999999999965e-01,1.487499999999999933e-02,5.065899999999999848e-01,-4.829570000000000252e-01,-1.426729999999999943e-01,-6.510499999999999621e-02,-1.020260000000000056e-01
-1.542229999999999990e-01,-1.636259999999999937e-01,6.671160000000000423e-01,-5.275952452899458633e-02,4.204584294426629704e-02,-9.965857402591844494e-01,4.759665928018440295e-02,-7.268029999999999768e-01,3.748130000000000073e-01,-3.787349999999999883e-01,9.600330000000000252e-01,-2.738140000000000018e-01,-2.478200000000000125e-01,-3.651399999999999785e-02,-5.820619999999999683e-01,-2.550020000000000064e-01,8.377409999999999579e-01,-2.756549999999999834e-01,2.477949999999999875e-01,3.547100000000000253e-02,0.000000000000000000e+00,0.000000000000000000e+00,-1.177389999999999964e-01,-2.305099999999999857e-02,-4.860970000000000013e-01,-6.489759999999999973e-01,-1.500799999999999912e-01,-5.506999999999999743e-03,1.311450000000000116e-01,1.575979999999999881e-01,1.234099999999999954e-02,5.057690000000000241e-01,-5.208639999999999937e-01,-4.073600000000000138e-02,-5.932799999999999879e-02,-9.537800000000000444e-02
-1.548650000000000027e-01,-1.618340000000000056e-01,6.555260000000000531e-01,-5.298828707591019677e-02,5.262230329050432420e-02,-9.948628279594452506e-01,6.834535956228716957e-02,-7.979330000000000034e-01,3.450630000000000086e-01,-4.322889999999999788e-01,1.044654999999999889e+00,-2.920320000000000138e-01,-2.478400000000000047e-01,-1.976199999999999832e-02,-5.738099999999999312e-01,-2.921039999999999748e-01,8.881480000000000485e-01,-3.522359999999999935e-01,2.477959999999999885e-01,3.643500000000000211e-02,0.000000000000000000e+00,0.000000000000000000e+00,-1.247579999999999939e-01,-3.555599999999999733e-02,-5.015249999999999986e-01,-6.330400000000000471e-01,-1.898160000000000125e-01,-1.144300000000000005e-02,1.425039999999999918e-01,1.587760000000000005e-01,1.596699999999999856e-02,5.058219999999999938e-01,-5.561540000000000372e-01,7.207500000000000018e-02,-4.891000000000000208e-02,-8.922199999999999576e-02
-1.559460000000000013e-01,-1.609069999999999945e-01,6.445870000000000211e-01,-5.540110696484695785e-02,5.907625736558252266e-02,-9.933808768293922453e-01,8.145640989150534916e-02,-8.433840000000000225e-01,3.195159999999999667e-01,-4.648209999999999842e-01,1.115072000000000063e+00,-3.178529999999999966e-01,-2.478380000000000027e-01,-6.884000000000000362e-03,-5.725700000000000234e-01,-3.153130000000000099e-01,9.317400000000000126e-01,-4.266730000000000245e-01,2.478080000000000005e-01,3.868100000000000011e-02,0.000000000000000000e+00,0.000000000000000000e+00,-1.253479999999999872e-01,-4.514800000000000063e-02,-5.102200000000000069e-01,-6.211470000000000047e-01,-1.990520000000000067e-01,-1.844399999999999859e-02,1.453059999999999907e-01,1.640199999999999991e-01,7.729999999999999892e-03,5.203039999999999887e-01,-5.960900000000000087e-01,1.677619999999999945e-01,-4.668599999999999833e-02,-7.403600000000000458e-02
-1.575979999999999881e-01,-1.596579999999999944e-01,6.356540000000000523e-01,-6.034469550457683545e-02,6.433438932759348583e-02,-9.920799603964634006e-01,8.942570242417528792e-02,-8.669019999999999504e-01,3.003790000000000071e-01,-4.911969999999999947e-01,1.171489000000000003e+00,-3.475320000000000076e-01,-2.478360000000000007e-01,1.798599999999999852e-02,-5.662379999999999081e-01,-3.428899999999999726e-01,9.524219999999999908e-01,-4.994390000000000218e-01,2.477910000000000112e-01,4.358900000000000274e-02,0.000000000000000000e+00,0.000000000000000000e+00,-1.265499999999999958e-01,-6.098200000000000148e-02,-5.172780000000000156e-01,-6.065949999999999953e-01,-1.988340000000000107e-01,-2.049899999999999986e-02,1.560030000000000028e-01,1.770230000000000137e-01,-1.520299999999999950e-02,5.360589999999999522e-01,-6.403959999999999653e-01,2.242399999999999949e-01,-5.409499999999999725e-02,-7.399899999999999534e-02
-1.601599999999999968e-01,-1.573009999999999964e-01,6.291959999999999775e-01,-6.467982176482332812e-02,7.265693076894419455e-02,-9.898156958422772433e-01,1.039344953900107060e-01,-8.839139999999999775e-01,2.793249999999999900e-01,-5.222539999999999960e-01,1.205265000000000031e+00,-3.636269999999999780e-01,-2.478380000000000027e-01,6.136799999999999894e-02,-5.378720000000000168e-01,-3.701340000000000185e-01,9.513989999999999947e-01,-5.549929999999999586e-01,2.477540000000000020e-01,4.613099999999999840e-02,0.000000000000000000e+00,0.000000000000000000e+00,-1.338469999999999938e-01,-7.735000000000000209e-02,-5.365259999999999474e-01,-5.823310000000000430e-01,-2.134739999999999971e-01,-2.141200000000000048e-02,1.806450000000000000e-01,1.521089999999999942e-01,-5.289699999999999958e-02,5.278399999999999759e-01,-6.912369999999999903e-01,2.416129999999999944e-01,-2.864799999999999985e-02,-9.905899999999999428e-02
-1.640909999999999869e-01,-1.542159999999999920e-01,6.258620000000000294e-01,-6.803788930420097414e-02,8.676694734669151976e-02,-9.848883228264893042e-01,1.335564825352578977e-01,-9.020019999999999705e-01,2.492880000000000096e-01,-5.573420000000000041e-01,1.217379999999999907e+00,-3.600389999999999979e-01,-2.478299999999999947e-01,1.357160000000000033e-01,-4.958190000000000097e-01,-4.305740000000000123e-01,9.294980000000000464e-01,-5.946069999999999967e-01,2.477620000000000100e-01,4.423699999999999855e-02,0.000000000000000000e+00,0.000000000000000000e+00,-1.428339999999999888e-01,-8.460199999999999665e-02,-5.761429999999999607e-01,-5.484470000000000178e-01,-2.016249999999999987e-01,-3.807699999999999974e-02,1.984489999999999865e-01,4.712399999999999922e-02,-1.431890000000000107e-01,4.526749999999999940e-01,-7.638960000000000194e-01,1.582570000000000088e-01,3.488800000000000234e-02,-1.001660000000000050e-01
-1.674350000000000005e-01,-1.499280000000000057e-01,6.216350000000000486e-01,-7.350130397128014359e-02,1.081873069913062840e-01,-9.768814920518098521e-01,1.691023814353900256e-01,-9.273759999999999781e-01,2.284600000000000242e-01,-5.947989999999999666e-01,1.223689000000000027e+00,-3.460550000000000015e-01,-2.478329999999999977e-01,2.104870000000000074e-01,-4.370600000000000041e-01,-5.015439999999999898e-01,9.163689999999999891e-01,-6.328120000000000411e-01,2.477900000000000102e-01,3.861499999999999655e-02,0.000000000000000000e+00,0.000000000000000000e+00,-1.193339999999999956e-01,-1.053800000000000014e-01,-6.480240000000000444e-01,-5.223079999999999945e-01,-1.381809999999999983e-01,-7.220799999999999441e-02,2.301020000000000010e-01,-1.565199999999999925e-01,-3.299730000000000163e-01,2.666049999999999809e-01,-7.692499999999999893e-01,-8.179100000000000259e-02,6.555900000000000616e-02,-3.770099999999999840e-02
-1.689049999999999996e-01,-1.446810000000000040e-01,6.157730000000000148e-01,-8.107358966307527670e-02,1.292110013133128954e-01,-9.681236324429427498e-01,1.986661080915321231e-01,-9.490659999999999652e-01,2.209450000000000025e-01,-6.190020000000000522e-01,1.228985999999999912e+00,-3.314670000000000116e-01,-2.478239999999999887e-01,2.494820000000000093e-01,-3.900069999999999926e-01,-5.490589999999999637e-01,9.506679999999999575e-01,-6.641329999999999734e-01,2.478009999999999935e-01,3.558599999999999958e-02,0.000000000000000000e+00,0.000000000000000000e+00,-7.756399999999999406e-02,-1.405319999999999903e-01,-7.308149999999999924e-01,-4.754240000000000133e-01,-9.440700000000000480e-02,-1.349090000000000011e-01,2.862700000000000244e-01,-3.988940000000000263e-01,-5.721319999999999739e-01,1.497739999999999905e-01,-6.462440000000000406e-01,-3.281439999999999912e-01,1.594270000000000131e-01,2.134700000000000139e-02
-1.696689999999999865e-01,-1.391660000000000119e-01,6.100320000000000187e-01,-8.721781300907768819e-02,1.477823201708018952e-01,-9.611544574375485706e-01,2.161840602051405269e-01,-9.617539999999999978e-01,2.234250000000000125e-01,-6.422719999999999541e-01,1.236032999999999937e+00,-3.230109999999999926e-01,-2.478180000000000105e-01,2.533639999999999781e-01,-3.712920000000000109e-01,-5.701399999999999801e-01,1.026672999999999947e+00,-6.842759999999999954e-01,2.478849999999999942e-01,3.828100000000000253e-02,0.000000000000000000e+00,0.000000000000000000e+00,-4.214699999999999697e-02,-1.879180000000000017e-01,-8.116219999999999546e-01,-4.197620000000000240e-01,-5.108900000000000247e-02,-2.084360000000000102e-01,3.453729999999999856e-01,-7.143100000000000005e-01,-8.244029999999999969e-01,2.335790000000000088e-01,-3.538549999999999751e-01,-6.035279999999999534e-01,3.342709999999999848e-01,7.487099999999999311e-02
-1.699060000000000015e-01,-1.330620000000000136e-01,6.035059999999999869e-01,-9.214414564632518456e-02,1.611976851470295902e-01,-9.558352103828862134e-01,2.278240841497045088e-01,-9.683180000000000121e-01,2.222919999999999896e-01,-6.671700000000000408e-01,1.246191000000000049e+00,-3.220879999999999854e-01,-2.478160000000000085e-01,2.463049999999999962e-01,-3.677799999999999958e-01,-5.933540000000000481e-01,1.105420999999999987e+00,-7.021450000000000191e-01,2.479149999999999965e-01,4.962799999999999850e-02,0.000000000000000000e+00,0.000000000000000000e+00,-4.110300000000000065e-02,-2.363030000000000130e-01,-8.719860000000000388e-01,-3.472299999999999831e-01,6.388499999999999734e-02,-2.559640000000000248e-01,4.128069999999999795e-01,-1.049649999999999972e+00,-1.066936000000000107e+00,5.739030000000000520e-01,9.609199999999999686e-02,-1.161523000000000083e+00,3.351759999999999740e-01,2.996750000000000247e-01
-1.714320000000000010e-01,-1.270090000000000108e-01,5.980670000000000153e-01,-9.003235795213770931e-02,1.667529850884840181e-01,-9.486839819718719813e-01,2.531527579064677402e-01,-9.818810000000000038e-01,1.830910000000000037e-01,-6.910309999999999508e-01,1.256070000000000020e+00,-3.236850000000000005e-01,-2.478309999999999957e-01,2.543480000000000185e-01,-3.633620000000000183e-01,-6.436359999999999859e-01,1.159415000000000084e+00,-7.300699999999999967e-01,2.478920000000000012e-01,7.668800000000000616e-02,0.000000000000000000e+00,0.000000000000000000e+00,-9.532100000000000295e-02,-2.382900000000000018e-01,-9.160509999999999486e-01,-2.894869999999999943e-01,1.273610000000000020e-01,-2.354080000000000061e-01,4.307750000000000190e-01,-1.252248000000000028e+00,-1.073893999999999904e+00,7.278010000000000312e-01,4.104439999999999755e-01,-1.401937999999999906e+00,3.714770000000000016e-01,4.350200000000000178e-01
-1.730099999999999971e-01,-1.221860000000000029e-01,5.936259999999999870e-01,-9.085156894472441735e-02,1.671969788061956064e-01,-9.458866568554353815e-01,2.628489967285594919e-01,-9.882509999999999906e-01,1.655099999999999905e-01,-6.984700000000000353e-01,1.274915999999999938e+00,-3.306589999999999807e-01,-2.478319999999999967e-01,2.602059999999999929e-01,-3.523169999999999913e-01,-6.619690000000000296e-01,1.187980000000000036e+00,-7.667580000000000506e-01,2.478440000000000087e-01,9.464699999999999502e-02,0.000000000000000000e+00,0.000000000000000000e+00,-1.510350000000000026e-01,-1.935939999999999883e-01,-9.058340000000000281e-01,-3.023950000000000249e-01,9.388199999999999323e-02,-2.031779999999999975e-01,4.081719999999999793e-01,-1.259260000000000046e+00,-9.159260000000000179e-01,5.040689999999999893e-01,3.397729999999999917e-01,-1.089310000000000000e+00,4.258390000000000231e-01,2.543179999999999885e-01
-1.735210000000000086e-01,-1.190439999999999970e-01,5.899539999999999784e-01,-1.009141756471212542e-01,1.655616335568674824e-01,-9.503297498745078009e-01,2.434728755958229796e-01,-9.711739999999999817e-01,2.000389999999999946e-01,-6.936579999999999968e-01,1.302017999999999898e+00,-3.427640000000000131e-01,-2.478349999999999997e-01,2.478849999999999942e-01,-3.498590000000000311e-01,-6.229320000000000412e-01,1.215608999999999940e+00,-7.956950000000000411e-01,2.478289999999999937e-01,9.740799999999999459e-02,0.000000000000000000e+00,0.000000000000000000e+00,-1.486929999999999918e-01,-1.520120000000000082e-01,-8.515580000000000371e-01,-3.471469999999999834e-01,8.326300000000000368e-02,-1.838539999999999897e-01,4.084079999999999933e-01,-1.116989000000000010e+00,-8.696059999999999901e-01,4.448960000000000137e-01,1.433949999999999947e-01,-9.488750000000000240e-01,3.505840000000000067e-01,1.202710000000000029e-01
-1.737370000000000025e-01,-1.177880000000000038e-01,5.880480000000000151e-01,-1.144579802475451658e-01,1.632080929335156250e-01,-9.570804862295737570e-01,2.103792576211359622e-01,-9.334639999999999604e-01,2.629380000000000051e-01,-6.807969999999999855e-01,1.322761999999999993e+00,-3.635439999999999783e-01,-2.478269999999999917e-01,2.224420000000000008e-01,-3.549959999999999782e-01,-5.531479999999999730e-01,1.243198999999999943e+00,-8.071469999999999478e-01,2.478420000000000067e-01,9.607999999999999874e-02,0.000000000000000000e+00,0.000000000000000000e+00,-1.271990000000000065e-01,-1.424960000000000115e-01,-7.907349999999999657e-01,-3.888380000000000170e-01,3.676200000000000301e-02,-1.689930000000000043e-01,4.113280000000000269e-01,-8.693089999999999984e-01,-7.772139999999999604e-01,3.762840000000000074e-01,-8.289499999999999647e-02,-8.091319999999999624e-01,3.064709999999999934e-01,1.402499999999999927e-02
-1.742450000000000110e-01,-1.175350000000000006e-01,5.886829999999999563e-01,-1.282209816617625175e-01,1.572610435618959912e-01,-9.640653714246772976e-01,1.714826628534683317e-01,-8.787599999999999856e-01,3.357310000000000016e-01,-6.569099999999999939e-01,1.329895000000000049e+00,-3.848829999999999751e-01,-2.478229999999999877e-01,1.945459999999999967e-01,-3.605009999999999604e-01,-4.680639999999999801e-01,1.255764000000000102e+00,-8.028490000000000348e-01,2.478470000000000117e-01,8.954199999999999660e-02,0.000000000000000000e+00,0.000000000000000000e+00,-1.142119999999999941e-01,-1.539480000000000015e-01,-7.318970000000000198e-01,-4.189649999999999763e-01,-8.517999999999999530e-03,-1.626809999999999923e-01,4.078930000000000056e-01,-5.883760000000000101e-01,-6.329339999999999966e-01,3.361879999999999868e-01,-2.778249999999999886e-01,-7.038560000000000372e-01,2.788300000000000223e-01,-6.976400000000000656e-02
-1.748039999999999872e-01,-1.176910000000000039e-01,5.920370000000000354e-01,-1.401255449567040123e-01,1.471265116865803912e-01,-9.706405260334344254e-01,1.287462249196576758e-01,-8.114879999999999871e-01,4.120399999999999618e-01,-6.179090000000000416e-01,1.318413999999999975e+00,-3.983929999999999971e-01,-2.478219999999999867e-01,1.653239999999999987e-01,-3.666740000000000554e-01,-3.775290000000000035e-01,1.250404999999999989e+00,-7.922850000000000170e-01,2.478410000000000057e-01,7.470400000000000651e-02,0.000000000000000000e+00,0.000000000000000000e+00,-8.588400000000000201e-02,-1.504659999999999886e-01,-6.792369999999999797e-01,-4.528490000000000015e-01,-1.909200000000000133e-02,-1.845050000000000023e-01,3.970199999999999840e-01,-3.455779999999999963e-01,-4.841909999999999825e-01,3.489729999999999777e-01,-4.190349999999999908e-01,-6.205889999999999462e-01,2.352950000000000041e-01,-1.408540000000000070e-01
-1.752829999999999944e-01,-1.185210000000000014e-01,5.978360000000000340e-01,-1.466496401691352869e-01,1.340251880047153843e-01,-9.761119150538399847e-01,8.795829300577084897e-02,-7.434889999999999555e-01,4.790550000000000086e-01,-5.648030000000000550e-01,1.290766000000000080e+00,-4.029209999999999736e-01,-2.478239999999999887e-01,1.293320000000000025e-01,-3.781749999999999834e-01,-2.935630000000000184e-01,1.235187999999999953e+00,-7.735929999999999751e-01,2.478279999999999927e-01,5.460299999999999876e-02,0.000000000000000000e+00,0.000000000000000000e+00,-7.115799999999999903e-02,-1.394789999999999919e-01,-6.403830000000000355e-01,-4.845900000000000207e-01,-6.071900000000000214e-02,-2.053359999999999908e-01,3.733230000000000159e-01,-1.321710000000000107e-01,-3.406310000000000171e-01,3.860149999999999970e-01,-5.348209999999999908e-01,-4.932509999999999950e-01,2.001179999999999903e-01,-1.908330000000000026e-01
-1.757450000000000123e-01,-1.204270000000000063e-01,6.062480000000000091e-01,-1.497857955605552405e-01,1.195203228460666595e-01,-9.802773597908860381e-01,4.832603601034835689e-02,-6.689580000000000526e-01,5.373860000000000303e-01,-4.996209999999999818e-01,1.247794999999999987e+00,-4.021379999999999955e-01,-2.478239999999999887e-01,9.142300000000000426e-02,-3.938249999999999806e-01,-2.178150000000000086e-01,1.204607999999999901e+00,-7.387960000000000083e-01,2.478160000000000085e-01,3.035900000000000057e-02,0.000000000000000000e+00,0.000000000000000000e+00,-7.830900000000000361e-02,-1.218930000000000013e-01,-5.996460000000000123e-01,-5.236629999999999896e-01,-8.815699999999999925e-02,-1.838110000000000022e-01,3.625329999999999941e-01,3.526699999999999974e-02,-2.267669999999999964e-01,4.445490000000000275e-01,-6.184650000000000425e-01,-3.464829999999999854e-01,1.466639999999999888e-01,-2.183700000000000085e-01
-1.760970000000000035e-01,-1.235829999999999984e-01,6.168799999999999839e-01,-1.502448899108414226e-01,1.046489150987407052e-01,-9.830426478806635338e-01,1.011088878928646621e-02,-5.914009999999999545e-01,5.854420000000000179e-01,-4.235229999999999828e-01,1.195054000000000061e+00,-3.908670000000000200e-01,-2.478160000000000085e-01,5.252699999999999730e-02,-4.134440000000000337e-01,-1.513100000000000001e-01,1.159224000000000032e+00,-6.814339999999999842e-01,2.478039999999999965e-01,2.981000000000000143e-03,0.000000000000000000e+00,0.000000000000000000e+00,-7.478300000000000225e-02,-1.116349999999999981e-01,-5.616430000000000033e-01,-5.560720000000000107e-01,-1.215669999999999945e-01,-1.556160000000000043e-01,3.587980000000000058e-01,1.380089999999999928e-01,-1.631289999999999962e-01,4.877239999999999909e-01,-6.627539999999999543e-01,-3.055329999999999990e-01,8.167599999999999860e-02,-2.202840000000000076e-01
-1.761139999999999928e-01,-1.275000000000000022e-01,6.285720000000000196e-01,-1.462103114531506098e-01,8.914364158330045917e-02,-9.849517081341256919e-01,-2.336853940042170688e-02,-5.288380000000000303e-01,6.193330000000000224e-01,-3.429269999999999818e-01,1.142355000000000009e+00,-3.547230000000000105e-01,-2.477999999999999925e-01,7.140999999999999778e-03,-4.419120000000000270e-01,-9.868899999999999895e-02,1.109364999999999934e+00,-5.982929999999999637e-01,2.478009999999999935e-01,-2.566600000000000131e-02,0.000000000000000000e+00,0.000000000000000000e+00,-5.346200000000000258e-02,-1.065569999999999989e-01,-5.441110000000000113e-01,-5.778060000000000418e-01,-1.704660000000000064e-01,-1.438250000000000084e-01,3.548089999999999855e-01,1.854329999999999867e-01,-1.194589999999999957e-01,5.359709999999999752e-01,-6.721359999999999557e-01,-2.623619999999999841e-01,3.797199999999999881e-02,-2.260580000000000089e-01
-1.757180000000000131e-01,-1.316120000000000068e-01,6.405760000000000343e-01,-1.373388600262267223e-01,7.272208440576906352e-02,-9.865660334039201285e-01,-5.036861820649548432e-02,-4.965680000000000094e-01,6.406479999999999952e-01,-2.716720000000000246e-01,1.102603999999999917e+00,-2.955559999999999854e-01,-2.478289999999999937e-01,-4.763499999999999679e-02,-4.779750000000000387e-01,-6.169199999999999684e-02,1.063895000000000035e+00,-5.014480000000000048e-01,2.478049999999999975e-01,-5.219200000000000228e-02,0.000000000000000000e+00,0.000000000000000000e+00,-3.344599999999999657e-02,-9.684600000000000153e-02,-5.360420000000000185e-01,-5.916150000000000020e-01,-1.895519999999999983e-01,-1.348699999999999899e-01,3.526880000000000015e-01,2.055420000000000025e-01,-8.648200000000000331e-02,5.803399999999999670e-01,-6.573660000000000059e-01,-2.107759999999999911e-01,-8.491000000000000283e-03,-2.296150000000000135e-01
-1.746709999999999929e-01,-1.355240000000000056e-01,6.497829999999999995e-01,-1.254793118932717444e-01,5.611034321702330907e-02,-9.880187224782258637e-01,-7.018244583479016363e-02,-4.931369999999999920e-01,6.528359999999999719e-01,-2.101600000000000135e-01,1.079666000000000015e+00,-2.353989999999999971e-01,-2.478670000000000040e-01,-9.674599999999999866e-02,-5.251489999999999769e-01,-5.934600000000000292e-02,1.014961999999999920e+00,-4.197190000000000087e-01,2.478009999999999935e-01,-6.981400000000000106e-02,0.000000000000000000e+00,0.000000000000000000e+00,-2.463999999999999871e-02,-8.041299999999999837e-02,-5.380150000000000210e-01,-5.982739999999999725e-01,-1.945270000000000055e-01,-1.337329999999999908e-01,3.468720000000000137e-01,2.060329999999999939e-01,-5.867699999999999999e-02,6.147489999999999899e-01,-6.424320000000000030e-01,-1.905020000000000047e-01,-5.014199999999999907e-02,-2.412890000000000035e-01
-1.728030000000000121e-01,-1.393089999999999884e-01,6.563050000000000272e-01,-1.128921024308612159e-01,4.127481029051811856e-02,-9.895617669459847443e-01,-7.949385286273556728e-02,-5.173870000000000413e-01,6.573409999999999531e-01,-1.516889999999999905e-01,1.080322999999999922e+00,-2.060599999999999932e-01,-2.478660000000000030e-01,-1.186659999999999937e-01,-5.789739999999999887e-01,-1.085079999999999933e-01,9.581450000000000244e-01,-3.899440000000000128e-01,2.477930000000000132e-01,-7.482600000000000362e-02,0.000000000000000000e+00,0.000000000000000000e+00,-2.073799999999999949e-02,-6.780100000000000016e-02,-5.469270000000000520e-01,-5.997069999999999901e-01,-1.890759999999999941e-01,-1.365659999999999930e-01,3.475920000000000121e-01,1.952560000000000129e-01,-3.710800000000000209e-02,6.488000000000000433e-01,-6.270310000000000050e-01,-1.750279999999999891e-01,-7.656799999999999717e-02,-2.627059999999999951e-01
-1.704259999999999942e-01,-1.418129999999999946e-01,6.620040000000000369e-01,-1.021756480487365087e-01,3.260270399147165848e-02,-9.914025736989477977e-01,-7.495423604685448604e-02,-5.663610000000000033e-01,5.923939999999999761e-01,-1.515779999999999905e-01,1.122894999999999976e+00,-2.567860000000000142e-01,-2.478039999999999965e-01,-1.108989999999999976e-01,-5.976150000000000073e-01,-1.526160000000000017e-01,9.114020000000000454e-01,-4.129700000000000037e-01,2.477910000000000112e-01,-7.616299999999999459e-02,0.000000000000000000e+00,0.000000000000000000e+00,-1.430000000000000021e-02,-6.214800000000000185e-02,-5.605470000000000175e-01,-6.006040000000000267e-01,-1.833329999999999960e-01,-1.388459999999999972e-01,3.547089999999999965e-01,1.647079999999999933e-01,-2.902899999999999925e-02,6.762219999999999898e-01,-6.134880000000000333e-01,-1.669599999999999973e-01,-8.550800000000000067e-02,-2.804559999999999831e-01
-1.690159999999999996e-01,-1.426389999999999880e-01,6.611730000000000107e-01,-9.616167667568686905e-02,2.943241108694344063e-02,-9.933964404626843825e-01,-5.522840928904254598e-02,-6.259770000000000056e-01,5.390449999999999964e-01,-1.804669999999999885e-01,1.182477999999999918e+00,-3.090229999999999921e-01,-2.478140000000000065e-01,-8.828099999999999836e-02,-6.051679999999999282e-01,-1.878829999999999945e-01,9.027720000000000189e-01,-4.351169999999999760e-01,2.477659999999999862e-01,-7.399600000000000621e-02,0.000000000000000000e+00,0.000000000000000000e+00,-1.133699999999999986e-02,-5.822700000000000098e-02,-5.745860000000000412e-01,-6.028059999999999530e-01,-1.715480000000000060e-01,-1.427279999999999938e-01,3.606509999999999994e-01,1.142019999999999980e-01,-3.134100000000000080e-02,6.883909999999999751e-01,-6.161079999999999890e-01,-1.802620000000000056e-01,-9.486400000000000388e-02,-2.820770000000000222e-01
-1.684559999999999946e-01,-1.436149999999999927e-01,6.501310000000000144e-01,-9.546495769622442840e-02,3.023837993304281241e-02,-9.946978538506575651e-01,-2.341499041167579079e-02,-6.898480000000000167e-01,5.198620000000000463e-01,-2.074660000000000115e-01,1.238224999999999909e+00,-3.382769999999999944e-01,-2.478589999999999960e-01,-6.032699999999999868e-02,-6.342519999999999269e-01,-2.423780000000000101e-01,9.458649999999999558e-01,-4.535669999999999980e-01,2.477179999999999938e-01,-6.273199999999999610e-02,0.000000000000000000e+00,0.000000000000000000e+00,-1.582199999999999926e-02,-5.970600000000000213e-02,-5.896219999999999795e-01,-5.994059999999999944e-01,-1.609160000000000035e-01,-1.463220000000000076e-01,3.715660000000000074e-01,4.729699999999999876e-02,-3.819399999999999878e-02,6.707480000000000109e-01,-6.402170000000000361e-01,-2.088760000000000061e-01,-9.407500000000000584e-02,-3.024009999999999754e-01
